EXPEDIENTE,NRO_EXPEDIENTE,AÑO_EXPEDIENTE,DESCRIPCION_VARIABLE,DESCRIPCION_VARIABLE_DESTINO,ACTO_PROCESAL,FECHA_REGISTRO,PROCESO,MATERIA,SUB ESPECIALIDAD,MES,JUZGADO
00623-2026-0-2301-JR-CI-02,623,2026,DE OTRA DEPENDENCIA A CALIFICACIÓN,TOTAL INGRESOS A CALIFICACIÓN,RECEPCION  EN DEPENDENCIA POR REDISTRIBUCION,29/04/2026 08:57,ORDINARIO,ACCION CONTENCIOSA ADMINISTRATIVA,Contencioso Administrativo,4,2do Juzgado de Trabajo
00624-2026-0-2301-JR-CI-03,624,2026,DE OTRA DEPENDENCIA A CALIFICACIÓN,TOTAL INGRESOS A CALIFICACIÓN,RECEPCION  EN DEPENDENCIA POR REDISTRIBUCION,24/04/2026 16:12,ORDINARIO,ACCION CONTENCIOSA ADMINISTRATIVA,Contencioso Administrativo,4,4to Juzgado de Trabajo
00292-2026-0-2301-JR-CI-04,292,2026,DE OTRA DEPENDENCIA A CALIFICACIÓN,TOTAL INGRESOS A CALIFICACIÓN,RECEPCION  EN DEPENDENCIA POR REDISTRIBUCION,06/04/2026 15:01,ORDINARIO,NULIDAD DE RESOLUCIÓN O ACTO ADMINISTRATIVO,Contencioso Administrativo,4,4to Juzgado de Trabajo
00085-2026-0-2301-JP-LA-01,85,2026,DE OTRA DEPENDENCIA A CALIFICACIÓN,TOTAL INGRESOS A CALIFICACIÓN,RECEPCION  EN DEPENDENCIA POR REDISTRIBUCION,06/04/2026 10:55,ORDINARIO,PAGO DE HONORARIOS,Contencioso Administrativo,4,2do Juzgado de Trabajo
00579-2026-0-2301-JR-LA-01,579,2026,DE OTRA DEPENDENCIA A CALIFICACIÓN,TOTAL INGRESOS A CALIFICACIÓN,RECEPCION  EN DEPENDENCIA POR REDISTRIBUCION,28/04/2026 16:29,ORDINARIO,REPOSICION,Contencioso Administrativo,4,2do Juzgado de Trabajo
00524-2026-0-2301-JR-LA-02,524,2026,INGRESOS A CALIFICACIÓN,TOTAL INGRESOS A CALIFICACIÓN,RECEPCION  EN DEPENDENCIA POR INGRESO REGULAR,07/04/2026 11:31,ORDINARIO,DECLARACIÓN DE INEFICACIA DE ACTOS ADMINISTRATIVOS,Contencioso Administrativo,4,2do Juzgado de Trabajo
00535-2026-0-2301-JR-LA-02,535,2026,INGRESOS A CALIFICACIÓN,TOTAL INGRESOS A CALIFICACIÓN,RECEPCION  EN DEPENDENCIA POR INGRESO REGULAR,08/04/2026 16:06,ORDINARIO,RECONOCIMIENTO DEL DERECHO TUTELADO,Contencioso Administrativo,4,2do Juzgado de Trabajo
00555-2026-0-2301-JR-LA-02,555,2026,INGRESOS A CALIFICACIÓN,TOTAL INGRESOS A CALIFICACIÓN,RECEPCION  EN DEPENDENCIA POR INGRESO REGULAR,13/04/2026 13:13,ORDINARIO,RECONOCIMIENTO DEL DERECHO TUTELADO,Contencioso Administrativo,4,2do Juzgado de Trabajo
00544-2026-0-2301-JR-LA-02,544,2026,INGRESOS A CALIFICACIÓN,TOTAL INGRESOS A CALIFICACIÓN,RECEPCION  EN DEPENDENCIA POR INGRESO REGULAR,09/04/2026 20:43,ORDINARIO,DECLARACIÓN DE NULIDAD DE ACTOS ADMINISTRATIVOS,Contencioso Administrativo,4,2do Juzgado de Trabajo
00668-2026-0-2301-JR-LA-02,668,2026,INGRESOS A CALIFICACIÓN,TOTAL INGRESOS A CALIFICACIÓN,RECEPCION  EN DEPENDENCIA POR INGRESO REGULAR,30/04/2026 16:19,ORDINARIO,DECLARACIÓN DE NULIDAD DE ACTOS ADMINISTRATIVOS,Contencioso Administrativo,4,2do Juzgado de Trabajo
00664-2026-0-2301-JR-LA-02,664,2026,INGRESOS A CALIFICACIÓN,TOTAL INGRESOS A CALIFICACIÓN,RECEPCION  EN DEPENDENCIA POR INGRESO REGULAR,30/04/2026 12:19,ORDINARIO,DECLARACIÓN DE NULIDAD DE ACTOS ADMINISTRATIVOS,Contencioso Administrativo,4,2do Juzgado de Trabajo
00662-2026-0-2301-JR-LA-02,662,2026,INGRESOS A CALIFICACIÓN,TOTAL INGRESOS A CALIFICACIÓN,RECEPCION  EN DEPENDENCIA POR INGRESO REGULAR,30/04/2026 10:58,ORDINARIO,RECONOCIMIENTO DEL DERECHO TUTELADO,Contencioso Administrativo,4,2do Juzgado de Trabajo
00656-2026-0-2301-JR-LA-02,656,2026,INGRESOS A CALIFICACIÓN,TOTAL INGRESOS A CALIFICACIÓN,RECEPCION  EN DEPENDENCIA POR INGRESO REGULAR,29/04/2026 10:15,ORDINARIO,DECLARACIÓN DE NULIDAD DE ACTOS ADMINISTRATIVOS,Contencioso Administrativo,4,2do Juzgado de Trabajo
00649-2026-0-2301-JR-LA-02,649,2026,INGRESOS A CALIFICACIÓN,TOTAL INGRESOS A CALIFICACIÓN,RECEPCION  EN DEPENDENCIA POR INGRESO REGULAR,28/04/2026 09:36,ORDINARIO,RECONOCIMIENTO DEL DERECHO TUTELADO,Contencioso Administrativo,4,2do Juzgado de Trabajo
00646-2026-0-2301-JR-LA-02,646,2026,INGRESOS A CALIFICACIÓN,TOTAL INGRESOS A CALIFICACIÓN,RECEPCION  EN DEPENDENCIA POR INGRESO REGULAR,27/04/2026 16:14,ORDINARIO,RECONOCIMIENTO DEL DERECHO TUTELADO,Contencioso Administrativo,4,2do Juzgado de Trabajo
00644-2026-0-2301-JR-LA-02,644,2026,INGRESOS A CALIFICACIÓN,TOTAL INGRESOS A CALIFICACIÓN,RECEPCION  EN DEPENDENCIA POR INGRESO REGULAR,27/04/2026 16:05,ORDINARIO,RECONOCIMIENTO DEL DERECHO TUTELADO,Contencioso Administrativo,4,2do Juzgado de Trabajo
00638-2026-0-2301-JR-LA-02,638,2026,INGRESOS A CALIFICACIÓN,TOTAL INGRESOS A CALIFICACIÓN,RECEPCION  EN DEPENDENCIA POR INGRESO REGULAR,24/04/2026 23:36,ORDINARIO,DECLARACIÓN DE NULIDAD DE ACTOS ADMINISTRATIVOS,Contencioso Administrativo,4,2do Juzgado de Trabajo
00632-2026-0-2301-JR-LA-02,632,2026,INGRESOS A CALIFICACIÓN,TOTAL INGRESOS A CALIFICACIÓN,RECEPCION  EN DEPENDENCIA POR INGRESO REGULAR,24/04/2026 10:14,ORDINARIO,RECONOCIMIENTO DEL DERECHO TUTELADO,Contencioso Administrativo,4,2do Juzgado de Trabajo
00630-2026-0-2301-JR-LA-02,630,2026,INGRESOS A CALIFICACIÓN,TOTAL INGRESOS A CALIFICACIÓN,RECEPCION  EN DEPENDENCIA POR INGRESO REGULAR,24/04/2026 09:31,URGENTE,CUMPLIMIENTO DE ACTUACIONES DISPUESTA POR ACTO ADMINISTRATIVO,Contencioso Administrativo,4,2do Juzgado de Trabajo
00621-2026-0-2301-JR-LA-02,621,2026,INGRESOS A CALIFICACIÓN,TOTAL INGRESOS A CALIFICACIÓN,RECEPCION  EN DEPENDENCIA POR INGRESO REGULAR,22/04/2026 14:58,ORDINARIO,DECLARACIÓN DE NULIDAD DE ACTOS ADMINISTRATIVOS,Contencioso Administrativo,4,2do Juzgado de Trabajo
00619-2026-0-2301-JR-LA-02,619,2026,INGRESOS A CALIFICACIÓN,TOTAL INGRESOS A CALIFICACIÓN,RECEPCION  EN DEPENDENCIA POR INGRESO REGULAR,22/04/2026 13:19,ORDINARIO,CUMPLIMIENTO DE ACTUACIONES DISPUESTA POR LEY,Contencioso Administrativo,4,2do Juzgado de Trabajo
00617-2026-0-2301-JR-LA-02,617,2026,INGRESOS A CALIFICACIÓN,TOTAL INGRESOS A CALIFICACIÓN,RECEPCION  EN DEPENDENCIA POR INGRESO REGULAR,22/04/2026 12:39,ORDINARIO,DECLARACIÓN DE INEFICACIA DE ACTOS ADMINISTRATIVOS,Contencioso Administrativo,4,2do Juzgado de Trabajo
00612-2026-0-2301-JR-LA-02,612,2026,INGRESOS A CALIFICACIÓN,TOTAL INGRESOS A CALIFICACIÓN,RECEPCION  EN DEPENDENCIA POR INGRESO REGULAR,21/04/2026 16:02,ORDINARIO,RECONOCIMIENTO DEL DERECHO TUTELADO,Contencioso Administrativo,4,2do Juzgado de Trabajo
00610-2026-0-2301-JR-LA-02,610,2026,INGRESOS A CALIFICACIÓN,TOTAL INGRESOS A CALIFICACIÓN,RECEPCION  EN DEPENDENCIA POR INGRESO REGULAR,21/04/2026 15:51,ORDINARIO,CUMPLIMIENTO DE ACTUACIONES DISPUESTA POR LEY,Contencioso Administrativo,4,2do Juzgado de Trabajo
00607-2026-0-2301-JR-LA-02,607,2026,INGRESOS A CALIFICACIÓN,TOTAL INGRESOS A CALIFICACIÓN,RECEPCION  EN DEPENDENCIA POR INGRESO REGULAR,21/04/2026 11:28,ORDINARIO,DECLARACIÓN DE NULIDAD DE ACTOS ADMINISTRATIVOS,Contencioso Administrativo,4,2do Juzgado de Trabajo
00603-2026-0-2301-JR-LA-02,603,2026,INGRESOS A CALIFICACIÓN,TOTAL INGRESOS A CALIFICACIÓN,RECEPCION  EN DEPENDENCIA POR INGRESO REGULAR,21/04/2026 09:15,URGENTE,CUMPLIMIENTO DE ACTUACIONES DISPUESTA POR ACTO ADMINISTRATIVO,Contencioso Administrativo,4,2do Juzgado de Trabajo
00601-2026-0-2301-JR-LA-02,601,2026,INGRESOS A CALIFICACIÓN,TOTAL INGRESOS A CALIFICACIÓN,RECEPCION  EN DEPENDENCIA POR INGRESO REGULAR,20/04/2026 12:08,ORDINARIO,DECLARACIÓN DE INEFICACIA DE ACTOS ADMINISTRATIVOS,Contencioso Administrativo,4,2do Juzgado de Trabajo
00593-2026-0-2301-JR-LA-02,593,2026,INGRESOS A CALIFICACIÓN,TOTAL INGRESOS A CALIFICACIÓN,RECEPCION  EN DEPENDENCIA POR INGRESO REGULAR,17/04/2026 11:12,ORDINARIO,DECLARACIÓN DE NULIDAD DE ACTOS ADMINISTRATIVOS,Contencioso Administrativo,4,2do Juzgado de Trabajo
00589-2026-0-2301-JR-LA-02,589,2026,INGRESOS A CALIFICACIÓN,TOTAL INGRESOS A CALIFICACIÓN,RECEPCION  EN DEPENDENCIA POR INGRESO REGULAR,16/04/2026 14:41,ORDINARIO,DECLARACIÓN DE NULIDAD DE ACTOS ADMINISTRATIVOS,Contencioso Administrativo,4,2do Juzgado de Trabajo
00586-2026-0-2301-JR-LA-02,586,2026,INGRESOS A CALIFICACIÓN,TOTAL INGRESOS A CALIFICACIÓN,RECEPCION  EN DEPENDENCIA POR INGRESO REGULAR,16/04/2026 11:32,ORDINARIO,RECONOCIMIENTO DEL DERECHO TUTELADO,Contencioso Administrativo,4,2do Juzgado de Trabajo
00576-2026-0-2301-JR-LA-02,576,2026,INGRESOS A CALIFICACIÓN,TOTAL INGRESOS A CALIFICACIÓN,RECEPCION  EN DEPENDENCIA POR INGRESO REGULAR,15/04/2026 17:16,ORDINARIO,DECLARACIÓN DE NULIDAD DE ACTOS ADMINISTRATIVOS,Contencioso Administrativo,4,2do Juzgado de Trabajo
00566-2026-0-2301-JR-LA-02,566,2026,INGRESOS A CALIFICACIÓN,TOTAL INGRESOS A CALIFICACIÓN,RECEPCION  EN DEPENDENCIA POR INGRESO REGULAR,14/04/2026 13:09,ORDINARIO,RECONOCIMIENTO DEL DERECHO TUTELADO,Contencioso Administrativo,4,2do Juzgado de Trabajo
00564-2026-0-2301-JR-LA-02,564,2026,INGRESOS A CALIFICACIÓN,TOTAL INGRESOS A CALIFICACIÓN,RECEPCION  EN DEPENDENCIA POR INGRESO REGULAR,14/04/2026 12:29,ORDINARIO,DECLARACIÓN DE NULIDAD DE ACTOS ADMINISTRATIVOS,Contencioso Administrativo,4,2do Juzgado de Trabajo
00561-2026-0-2301-JR-LA-02,561,2026,INGRESOS A CALIFICACIÓN,TOTAL INGRESOS A CALIFICACIÓN,RECEPCION  EN DEPENDENCIA POR INGRESO REGULAR,13/04/2026 15:51,ORDINARIO,RECONOCIMIENTO DEL DERECHO TUTELADO,Contencioso Administrativo,4,2do Juzgado de Trabajo
00553-2026-0-2301-JR-LA-02,553,2026,INGRESOS A CALIFICACIÓN,TOTAL INGRESOS A CALIFICACIÓN,RECEPCION  EN DEPENDENCIA POR INGRESO REGULAR,13/04/2026 11:42,ORDINARIO,RECONOCIMIENTO DEL DERECHO TUTELADO,Contencioso Administrativo,4,2do Juzgado de Trabajo
00548-2026-0-2301-JR-LA-02,548,2026,INGRESOS A CALIFICACIÓN,TOTAL INGRESOS A CALIFICACIÓN,RECEPCION  EN DEPENDENCIA POR INGRESO REGULAR,10/04/2026 13:53,ORDINARIO,DECLARACIÓN DE NULIDAD DE ACTOS ADMINISTRATIVOS,Contencioso Administrativo,4,2do Juzgado de Trabajo
00546-2026-0-2301-JR-LA-02,546,2026,INGRESOS A CALIFICACIÓN,TOTAL INGRESOS A CALIFICACIÓN,RECEPCION  EN DEPENDENCIA POR INGRESO REGULAR,10/04/2026 09:41,ORDINARIO,RECONOCIMIENTO DEL DERECHO TUTELADO,Contencioso Administrativo,4,2do Juzgado de Trabajo
00541-2026-0-2301-JR-LA-02,541,2026,INGRESOS A CALIFICACIÓN,TOTAL INGRESOS A CALIFICACIÓN,RECEPCION  EN DEPENDENCIA POR INGRESO REGULAR,09/04/2026 15:49,ORDINARIO,DECLARACIÓN DE NULIDAD DE ACTOS ADMINISTRATIVOS,Contencioso Administrativo,4,2do Juzgado de Trabajo
00539-2026-0-2301-JR-LA-02,539,2026,INGRESOS A CALIFICACIÓN,TOTAL INGRESOS A CALIFICACIÓN,RECEPCION  EN DEPENDENCIA POR INGRESO REGULAR,09/04/2026 15:40,ORDINARIO,DECLARACIÓN DE NULIDAD DE ACTOS ADMINISTRATIVOS,Contencioso Administrativo,4,2do Juzgado de Trabajo
00537-2026-0-2301-JR-LA-02,537,2026,INGRESOS A CALIFICACIÓN,TOTAL INGRESOS A CALIFICACIÓN,RECEPCION  EN DEPENDENCIA POR INGRESO REGULAR,09/04/2026 15:34,ORDINARIO,DECLARACIÓN DE NULIDAD DE ACTOS ADMINISTRATIVOS,Contencioso Administrativo,4,2do Juzgado de Trabajo
00533-2026-0-2301-JR-LA-02,533,2026,INGRESOS A CALIFICACIÓN,TOTAL INGRESOS A CALIFICACIÓN,RECEPCION  EN DEPENDENCIA POR INGRESO REGULAR,08/04/2026 15:41,ORDINARIO,RECONOCIMIENTO DEL DERECHO TUTELADO,Contencioso Administrativo,4,2do Juzgado de Trabajo
00529-2026-0-2301-JR-LA-02,529,2026,INGRESOS A CALIFICACIÓN,TOTAL INGRESOS A CALIFICACIÓN,RECEPCION  EN DEPENDENCIA POR INGRESO REGULAR,08/04/2026 00:08,ORDINARIO,DECLARACIÓN DE NULIDAD DE ACTOS ADMINISTRATIVOS,Contencioso Administrativo,4,2do Juzgado de Trabajo
00527-2026-0-2301-JR-LA-02,527,2026,INGRESOS A CALIFICACIÓN,TOTAL INGRESOS A CALIFICACIÓN,RECEPCION  EN DEPENDENCIA POR INGRESO REGULAR,07/04/2026 14:21,URGENTE,CUMPLIMIENTO DE ACTUACIONES DISPUESTA POR ACTO ADMINISTRATIVO,Contencioso Administrativo,4,2do Juzgado de Trabajo
00521-2026-0-2301-JR-LA-02,521,2026,INGRESOS A CALIFICACIÓN,TOTAL INGRESOS A CALIFICACIÓN,RECEPCION  EN DEPENDENCIA POR INGRESO REGULAR,06/04/2026 22:19,ORDINARIO,DECLARACIÓN DE NULIDAD DE ACTOS ADMINISTRATIVOS,Contencioso Administrativo,4,2do Juzgado de Trabajo
00519-2026-0-2301-JR-LA-02,519,2026,INGRESOS A CALIFICACIÓN,TOTAL INGRESOS A CALIFICACIÓN,RECEPCION  EN DEPENDENCIA POR INGRESO REGULAR,06/04/2026 14:37,ORDINARIO,DECLARACIÓN DE NULIDAD DE ACTOS ADMINISTRATIVOS,Contencioso Administrativo,4,2do Juzgado de Trabajo
00516-2026-0-2301-JR-LA-02,516,2026,INGRESOS A CALIFICACIÓN,TOTAL INGRESOS A CALIFICACIÓN,RECEPCION  EN DEPENDENCIA POR INGRESO REGULAR,06/04/2026 11:24,ORDINARIO,DECLARACIÓN DE NULIDAD DE ACTOS ADMINISTRATIVOS,Contencioso Administrativo,4,2do Juzgado de Trabajo
00514-2026-0-2301-JR-LA-02,514,2026,INGRESOS A CALIFICACIÓN,TOTAL INGRESOS A CALIFICACIÓN,RECEPCION  EN DEPENDENCIA POR INGRESO REGULAR,03/04/2026 12:55,ORDINARIO,CUMPLIMIENTO DE ACTUACIONES DISPUESTA POR ACTO ADMINISTRATIVO,Contencioso Administrativo,4,2do Juzgado de Trabajo
00512-2026-0-2301-JR-LA-02,512,2026,INGRESOS A CALIFICACIÓN,TOTAL INGRESOS A CALIFICACIÓN,RECEPCION  EN DEPENDENCIA POR INGRESO REGULAR,03/04/2026 12:44,ORDINARIO,CUMPLIMIENTO DE ACTUACIONES DISPUESTA POR ACTO ADMINISTRATIVO,Contencioso Administrativo,4,2do Juzgado de Trabajo
00508-2026-0-2301-JR-LA-02,508,2026,INGRESOS A CALIFICACIÓN,TOTAL INGRESOS A CALIFICACIÓN,RECEPCION  EN DEPENDENCIA POR INGRESO REGULAR,01/04/2026 10:18,ORDINARIO,RECONOCIMIENTO DEL DERECHO TUTELADO,Contencioso Administrativo,4,2do Juzgado de Trabajo
00591-2026-0-2301-JR-LA-02,591,2026,INGRESOS A CALIFICACIÓN,TOTAL INGRESOS A CALIFICACIÓN,RECEPCION  EN DEPENDENCIA POR INGRESO REGULAR,16/04/2026 16:01,ORDINARIO,RECONOCIMIENTO DEL DERECHO TUTELADO,Contencioso Administrativo,4,2do Juzgado de Trabajo
00605-2026-0-2301-JR-LA-02,605,2026,INGRESOS A CALIFICACIÓN,TOTAL INGRESOS A CALIFICACIÓN,RECEPCION  EN DEPENDENCIA POR INGRESO REGULAR,21/04/2026 10:09,ORDINARIO,RECONOCIMIENTO DEL DERECHO TUTELADO,Contencioso Administrativo,4,2do Juzgado de Trabajo
00572-2026-0-2301-JR-LA-02,572,2026,INGRESOS A CALIFICACIÓN,TOTAL INGRESOS A CALIFICACIÓN,RECEPCION  EN DEPENDENCIA POR INGRESO REGULAR,15/04/2026 16:04,ORDINARIO,RECONOCIMIENTO DEL DERECHO TUTELADO,Contencioso Administrativo,4,2do Juzgado de Trabajo
00614-2026-0-2301-JR-LA-02,614,2026,INGRESOS A CALIFICACIÓN,TOTAL INGRESOS A CALIFICACIÓN,RECEPCION  EN DEPENDENCIA POR INGRESO REGULAR,21/04/2026 16:58,ORDINARIO,DECLARACIÓN DE NULIDAD DE ACTOS ADMINISTRATIVOS,Contencioso Administrativo,4,2do Juzgado de Trabajo
00640-2026-0-2301-JR-LA-02,640,2026,INGRESOS A CALIFICACIÓN,TOTAL INGRESOS A CALIFICACIÓN,RECEPCION  EN DEPENDENCIA POR INGRESO REGULAR,27/04/2026 10:52,ORDINARIO,DECLARACIÓN DE NULIDAD DE ACTOS ADMINISTRATIVOS,Contencioso Administrativo,4,2do Juzgado de Trabajo
00651-2026-0-2301-JR-LA-02,651,2026,INGRESOS A CALIFICACIÓN,TOTAL INGRESOS A CALIFICACIÓN,RECEPCION  EN DEPENDENCIA POR INGRESO REGULAR,28/04/2026 10:20,ORDINARIO,RECONOCIMIENTO DEL DERECHO TUTELADO,Contencioso Administrativo,4,2do Juzgado de Trabajo
00624-2026-0-2301-JR-LA-02,624,2026,INGRESOS A CALIFICACIÓN,TOTAL INGRESOS A CALIFICACIÓN,RECEPCION  EN DEPENDENCIA POR INGRESO REGULAR,22/04/2026 15:25,URGENTE,CUMPLIMIENTO DE ACTUACIONES DISPUESTA POR ACTO ADMINISTRATIVO,Contencioso Administrativo,4,2do Juzgado de Trabajo
00666-2026-0-2301-JR-LA-02,666,2026,INGRESOS A CALIFICACIÓN,TOTAL INGRESOS A CALIFICACIÓN,RECEPCION  EN DEPENDENCIA POR INGRESO REGULAR,30/04/2026 14:30,ORDINARIO,DECLARACIÓN DE NULIDAD DE ACTOS ADMINISTRATIVOS,Contencioso Administrativo,4,2do Juzgado de Trabajo
00201-2026-0-2301-JR-CI-04,201,2026,DE OTRA DEPENDENCIA A CALIFICACIÓN,TOTAL INGRESOS A CALIFICACIÓN,RECEPCION  EN DEPENDENCIA POR REDISTRIBUCION,10/04/2026 11:59,ORDINARIO,RECONOCIMIENTO DEL DERECHO TUTELADO,Contencioso Administrativo,4,2do Juzgado de Trabajo
00446-2026-0-2301-JR-LA-01,446,2026,DE OTRA DEPENDENCIA A CALIFICACIÓN,TOTAL INGRESOS A CALIFICACIÓN,RECEPCION  EN DEPENDENCIA POR REDISTRIBUCION,10/04/2026 11:06,ORDINARIO,RECONOCIMIENTO DEL DERECHO TUTELADO,Contencioso Administrativo,4,2do Juzgado de Trabajo
00447-2026-0-2301-JR-LA-03,447,2026,DE OTRA DEPENDENCIA A CALIFICACIÓN,TOTAL INGRESOS A CALIFICACIÓN,RECEPCION  EN DEPENDENCIA POR REDISTRIBUCION,10/04/2026 11:15,ORDINARIO,RECONOCIMIENTO DEL DERECHO TUTELADO,Contencioso Administrativo,4,2do Juzgado de Trabajo
00450-2026-0-2301-JR-LA-01,450,2026,DE OTRA DEPENDENCIA A CALIFICACIÓN,TOTAL INGRESOS A CALIFICACIÓN,RECEPCION  EN DEPENDENCIA POR REDISTRIBUCION,10/04/2026 11:09,ORDINARIO,RECONOCIMIENTO DEL DERECHO TUTELADO,Contencioso Administrativo,4,2do Juzgado de Trabajo
00451-2026-0-2301-JR-LA-03,451,2026,DE OTRA DEPENDENCIA A CALIFICACIÓN,TOTAL INGRESOS A CALIFICACIÓN,RECEPCION  EN DEPENDENCIA POR REDISTRIBUCION,10/04/2026 11:18,ORDINARIO,RECONOCIMIENTO DEL DERECHO TUTELADO,Contencioso Administrativo,4,2do Juzgado de Trabajo
00454-2026-0-2301-JR-LA-01,454,2026,DE OTRA DEPENDENCIA A CALIFICACIÓN,TOTAL INGRESOS A CALIFICACIÓN,RECEPCION  EN DEPENDENCIA POR REDISTRIBUCION,10/04/2026 11:12,ORDINARIO,RECONOCIMIENTO DEL DERECHO TUTELADO,Contencioso Administrativo,4,2do Juzgado de Trabajo
00582-2026-0-2301-JR-LA-03,582,2026,DE OTRA DEPENDENCIA A CALIFICACIÓN,TOTAL INGRESOS A CALIFICACIÓN,RECEPCION  EN DEPENDENCIA POR REDISTRIBUCION,28/04/2026 16:41,ORDINARIO,CUMPLIMIENTO DE ACTUACIONES DISPUESTA POR ACTO ADMINISTRATIVO,Contencioso Administrativo,4,2do Juzgado de Trabajo
00583-2026-0-2301-JR-LA-01,583,2026,DE OTRA DEPENDENCIA A CALIFICACIÓN,TOTAL INGRESOS A CALIFICACIÓN,RECEPCION  EN DEPENDENCIA POR REDISTRIBUCION,28/04/2026 16:34,ORDINARIO,RECONOCIMIENTO DEL DERECHO TUTELADO,Contencioso Administrativo,4,2do Juzgado de Trabajo
00642-2026-0-2301-JR-LA-02,642,2026,INGRESOS A CALIFICACIÓN,TOTAL INGRESOS A CALIFICACIÓN,RECEPCION  EN DEPENDENCIA POR INGRESO REGULAR,27/04/2026 12:11,ORDINARIO,RECONOCIMIENTO DEL DERECHO TUTELADO,Previsional,4,2do Juzgado de Trabajo
00654-2026-0-2301-JR-LA-02,654,2026,INGRESOS A CALIFICACIÓN,TOTAL INGRESOS A CALIFICACIÓN,RECEPCION  EN DEPENDENCIA POR INGRESO REGULAR,28/04/2026 16:27,ORDINARIO,RESTABLECIMIENTO DEL DERECHO TUTELADO,Previsional,4,2do Juzgado de Trabajo
00658-2026-0-2301-JR-LA-02,658,2026,INGRESOS A CALIFICACIÓN,TOTAL INGRESOS A CALIFICACIÓN,RECEPCION  EN DEPENDENCIA POR INGRESO REGULAR,29/04/2026 10:43,ORDINARIO,RESTABLECIMIENTO DEL DERECHO TUTELADO,Previsional,4,2do Juzgado de Trabajo
00506-2026-0-2301-JR-LA-02,506,2026,INGRESOS A CALIFICACIÓN,TOTAL INGRESOS A CALIFICACIÓN,RECEPCION  EN DEPENDENCIA POR INGRESO REGULAR,01/04/2026 10:03,ORDINARIO,RESTABLECIMIENTO DEL DERECHO TUTELADO,Previsional,4,2do Juzgado de Trabajo
00531-2026-0-2301-JR-LA-02,531,2026,INGRESOS A CALIFICACIÓN,TOTAL INGRESOS A CALIFICACIÓN,RECEPCION  EN DEPENDENCIA POR INGRESO REGULAR,08/04/2026 14:48,ORDINARIO,DECLARACIÓN DE NULIDAD DE ACTOS ADMINISTRATIVOS,Previsional,4,2do Juzgado de Trabajo
00595-2026-0-2301-JR-LA-02,595,2026,INGRESOS A CALIFICACIÓN,TOTAL INGRESOS A CALIFICACIÓN,RECEPCION  EN DEPENDENCIA POR INGRESO REGULAR,17/04/2026 11:49,ORDINARIO,RESTABLECIMIENTO DEL DERECHO TUTELADO,Previsional,4,2do Juzgado de Trabajo
00597-2026-0-2301-JR-LA-02,597,2026,INGRESOS A CALIFICACIÓN,TOTAL INGRESOS A CALIFICACIÓN,RECEPCION  EN DEPENDENCIA POR INGRESO REGULAR,17/04/2026 12:03,ORDINARIO,RESTABLECIMIENTO DEL DERECHO TUTELADO,Previsional,4,2do Juzgado de Trabajo
00578-2026-0-2301-JR-LA-03,578,2026,DE OTRA DEPENDENCIA A CALIFICACIÓN,TOTAL INGRESOS A CALIFICACIÓN,RECEPCION  EN DEPENDENCIA POR REDISTRIBUCION,28/04/2026 16:38,ORDINARIO,RESTABLECIMIENTO DEL DERECHO TUTELADO,Previsional,4,2do Juzgado de Trabajo
00532-2026-0-2301-JR-LA-04,532,2026,INGRESOS A CALIFICACIÓN,TOTAL INGRESOS A CALIFICACIÓN,RECEPCION  EN DEPENDENCIA POR INGRESO REGULAR,08/04/2026 15:35,ORDINARIO,RECONOCIMIENTO DEL DERECHO TUTELADO,Contencioso Administrativo,4,4to Juzgado de Trabajo
00540-2026-0-2301-JR-LA-04,540,2026,INGRESOS A CALIFICACIÓN,TOTAL INGRESOS A CALIFICACIÓN,RECEPCION  EN DEPENDENCIA POR INGRESO REGULAR,09/04/2026 15:46,ORDINARIO,DECLARACIÓN DE NULIDAD DE ACTOS ADMINISTRATIVOS,Contencioso Administrativo,4,4to Juzgado de Trabajo
00549-2026-0-2301-JR-LA-04,549,2026,INGRESOS A CALIFICACIÓN,TOTAL INGRESOS A CALIFICACIÓN,RECEPCION  EN DEPENDENCIA POR INGRESO REGULAR,10/04/2026 13:55,ORDINARIO,DECLARACIÓN DE INEFICACIA DE ACTOS ADMINISTRATIVOS,Contencioso Administrativo,4,4to Juzgado de Trabajo
00565-2026-0-2301-JR-LA-04,565,2026,INGRESOS A CALIFICACIÓN,TOTAL INGRESOS A CALIFICACIÓN,RECEPCION  EN DEPENDENCIA POR INGRESO REGULAR,14/04/2026 12:37,ORDINARIO,DECLARACIÓN DE NULIDAD DE ACTOS ADMINISTRATIVOS,Contencioso Administrativo,4,4to Juzgado de Trabajo
00587-2026-0-2301-JR-LA-04,587,2026,INGRESOS A CALIFICACIÓN,TOTAL INGRESOS A CALIFICACIÓN,RECEPCION  EN DEPENDENCIA POR INGRESO REGULAR,16/04/2026 13:10,ORDINARIO,RECONOCIMIENTO DEL DERECHO TUTELADO,Contencioso Administrativo,4,4to Juzgado de Trabajo
00522-2026-0-2301-JR-LA-04,522,2026,INGRESOS A CALIFICACIÓN,TOTAL INGRESOS A CALIFICACIÓN,RECEPCION  EN DEPENDENCIA POR INGRESO REGULAR,07/04/2026 10:56,ORDINARIO,DECLARACIÓN DE NULIDAD DE ACTOS ADMINISTRATIVOS,Contencioso Administrativo,4,4to Juzgado de Trabajo
00598-2026-0-2301-JR-LA-04,598,2026,INGRESOS A CALIFICACIÓN,TOTAL INGRESOS A CALIFICACIÓN,RECEPCION  EN DEPENDENCIA POR INGRESO REGULAR,17/04/2026 16:33,ORDINARIO,DECLARACIÓN DE NULIDAD DE ACTOS ADMINISTRATIVOS,Contencioso Administrativo,4,4to Juzgado de Trabajo
00669-2026-0-2301-JR-LA-04,669,2026,INGRESOS A CALIFICACIÓN,TOTAL INGRESOS A CALIFICACIÓN,RECEPCION  EN DEPENDENCIA POR INGRESO REGULAR,30/04/2026 23:54,ORDINARIO,DECLARACIÓN DE NULIDAD DE ACTOS ADMINISTRATIVOS,Contencioso Administrativo,4,4to Juzgado de Trabajo
00667-2026-0-2301-JR-LA-04,667,2026,INGRESOS A CALIFICACIÓN,TOTAL INGRESOS A CALIFICACIÓN,RECEPCION  EN DEPENDENCIA POR INGRESO REGULAR,30/04/2026 15:56,URGENTE,CUMPLIMIENTO DE ACTUACIONES DISPUESTA POR ACTO ADMINISTRATIVO,Contencioso Administrativo,4,4to Juzgado de Trabajo
00663-2026-0-2301-JR-LA-04,663,2026,INGRESOS A CALIFICACIÓN,TOTAL INGRESOS A CALIFICACIÓN,RECEPCION  EN DEPENDENCIA POR INGRESO REGULAR,30/04/2026 12:09,ORDINARIO,DECLARACIÓN DE NULIDAD DE ACTOS ADMINISTRATIVOS,Contencioso Administrativo,4,4to Juzgado de Trabajo
00653-2026-0-2301-JR-LA-04,653,2026,INGRESOS A CALIFICACIÓN,TOTAL INGRESOS A CALIFICACIÓN,RECEPCION  EN DEPENDENCIA POR INGRESO REGULAR,28/04/2026 15:24,ORDINARIO,DECLARACIÓN DE NULIDAD DE ACTOS ADMINISTRATIVOS,Contencioso Administrativo,4,4to Juzgado de Trabajo
00647-2026-0-2301-JR-LA-04,647,2026,INGRESOS A CALIFICACIÓN,TOTAL INGRESOS A CALIFICACIÓN,RECEPCION  EN DEPENDENCIA POR INGRESO REGULAR,27/04/2026 17:52,ORDINARIO,RECONOCIMIENTO DEL DERECHO TUTELADO,Contencioso Administrativo,4,4to Juzgado de Trabajo
00645-2026-0-2301-JR-LA-04,645,2026,INGRESOS A CALIFICACIÓN,TOTAL INGRESOS A CALIFICACIÓN,RECEPCION  EN DEPENDENCIA POR INGRESO REGULAR,27/04/2026 16:08,ORDINARIO,RECONOCIMIENTO DEL DERECHO TUTELADO,Contencioso Administrativo,4,4to Juzgado de Trabajo
00643-2026-0-2301-JR-LA-04,643,2026,INGRESOS A CALIFICACIÓN,TOTAL INGRESOS A CALIFICACIÓN,RECEPCION  EN DEPENDENCIA POR INGRESO REGULAR,27/04/2026 15:58,ORDINARIO,RECONOCIMIENTO DEL DERECHO TUTELADO,Contencioso Administrativo,4,4to Juzgado de Trabajo
00639-2026-0-2301-JR-LA-04,639,2026,INGRESOS A CALIFICACIÓN,TOTAL INGRESOS A CALIFICACIÓN,RECEPCION  EN DEPENDENCIA POR INGRESO REGULAR,27/04/2026 08:22,ORDINARIO,DECLARACIÓN DE INEFICACIA DE ACTOS ADMINISTRATIVOS,Contencioso Administrativo,4,4to Juzgado de Trabajo
00636-2026-0-2301-JR-LA-04,636,2026,INGRESOS A CALIFICACIÓN,TOTAL INGRESOS A CALIFICACIÓN,RECEPCION  EN DEPENDENCIA POR INGRESO REGULAR,24/04/2026 16:00,ORDINARIO,DECLARACIÓN DE INEFICACIA DE ACTOS ADMINISTRATIVOS,Contencioso Administrativo,4,4to Juzgado de Trabajo
00631-2026-0-2301-JR-LA-04,631,2026,INGRESOS A CALIFICACIÓN,TOTAL INGRESOS A CALIFICACIÓN,RECEPCION  EN DEPENDENCIA POR INGRESO REGULAR,24/04/2026 10:10,ORDINARIO,RECONOCIMIENTO DEL DERECHO TUTELADO,Contencioso Administrativo,4,4to Juzgado de Trabajo
00622-2026-0-2301-JR-LA-04,622,2026,INGRESOS A CALIFICACIÓN,TOTAL INGRESOS A CALIFICACIÓN,RECEPCION  EN DEPENDENCIA POR INGRESO REGULAR,22/04/2026 15:10,URGENTE,CUMPLIMIENTO DE ACTUACIONES DISPUESTA POR ACTO ADMINISTRATIVO,Contencioso Administrativo,4,4to Juzgado de Trabajo
00620-2026-0-2301-JR-LA-04,620,2026,INGRESOS A CALIFICACIÓN,TOTAL INGRESOS A CALIFICACIÓN,RECEPCION  EN DEPENDENCIA POR INGRESO REGULAR,22/04/2026 14:47,ORDINARIO,DECLARACIÓN DE NULIDAD DE ACTOS ADMINISTRATIVOS,Contencioso Administrativo,4,4to Juzgado de Trabajo
00618-2026-0-2301-JR-LA-04,618,2026,INGRESOS A CALIFICACIÓN,TOTAL INGRESOS A CALIFICACIÓN,RECEPCION  EN DEPENDENCIA POR INGRESO REGULAR,22/04/2026 12:54,ORDINARIO,RECONOCIMIENTO DEL DERECHO TUTELADO,Contencioso Administrativo,4,4to Juzgado de Trabajo
00613-2026-0-2301-JR-LA-04,613,2026,INGRESOS A CALIFICACIÓN,TOTAL INGRESOS A CALIFICACIÓN,RECEPCION  EN DEPENDENCIA POR INGRESO REGULAR,21/04/2026 16:05,ORDINARIO,RECONOCIMIENTO DEL DERECHO TUTELADO,Contencioso Administrativo,4,4to Juzgado de Trabajo
00611-2026-0-2301-JR-LA-04,611,2026,INGRESOS A CALIFICACIÓN,TOTAL INGRESOS A CALIFICACIÓN,RECEPCION  EN DEPENDENCIA POR INGRESO REGULAR,21/04/2026 15:58,ORDINARIO,CUMPLIMIENTO DE ACTUACIONES DISPUESTA POR LEY,Contencioso Administrativo,4,4to Juzgado de Trabajo
00609-2026-0-2301-JR-LA-04,609,2026,INGRESOS A CALIFICACIÓN,TOTAL INGRESOS A CALIFICACIÓN,RECEPCION  EN DEPENDENCIA POR INGRESO REGULAR,21/04/2026 14:05,URGENTE,CUMPLIMIENTO DE ACTUACIONES DISPUESTA POR ACTO ADMINISTRATIVO,Contencioso Administrativo,4,4to Juzgado de Trabajo
00604-2026-0-2301-JR-LA-04,604,2026,INGRESOS A CALIFICACIÓN,TOTAL INGRESOS A CALIFICACIÓN,RECEPCION  EN DEPENDENCIA POR INGRESO REGULAR,21/04/2026 09:21,ORDINARIO,DECLARACIÓN DE NULIDAD DE ACTOS ADMINISTRATIVOS,Contencioso Administrativo,4,4to Juzgado de Trabajo
00602-2026-0-2301-JR-LA-04,602,2026,INGRESOS A CALIFICACIÓN,TOTAL INGRESOS A CALIFICACIÓN,RECEPCION  EN DEPENDENCIA POR INGRESO REGULAR,21/04/2026 09:07,ORDINARIO,DECLARACIÓN DE NULIDAD DE ACTOS ADMINISTRATIVOS,Contencioso Administrativo,4,4to Juzgado de Trabajo
00599-2026-0-2301-JR-LA-04,599,2026,INGRESOS A CALIFICACIÓN,TOTAL INGRESOS A CALIFICACIÓN,RECEPCION  EN DEPENDENCIA POR INGRESO REGULAR,24/04/2026 09:53,ORDINARIO,DECLARACIÓN DE NULIDAD DE ACTOS ADMINISTRATIVOS,Contencioso Administrativo,4,4to Juzgado de Trabajo
00594-2026-0-2301-JR-LA-04,594,2026,INGRESOS A CALIFICACIÓN,TOTAL INGRESOS A CALIFICACIÓN,RECEPCION  EN DEPENDENCIA POR INGRESO REGULAR,17/04/2026 11:41,ORDINARIO,RECONOCIMIENTO DEL DERECHO TUTELADO,Contencioso Administrativo,4,4to Juzgado de Trabajo
00592-2026-0-2301-JR-LA-04,592,2026,INGRESOS A CALIFICACIÓN,TOTAL INGRESOS A CALIFICACIÓN,RECEPCION  EN DEPENDENCIA POR INGRESO REGULAR,16/04/2026 16:09,ORDINARIO,RECONOCIMIENTO DEL DERECHO TUTELADO,Contencioso Administrativo,4,4to Juzgado de Trabajo
00590-2026-0-2301-JR-LA-04,590,2026,INGRESOS A CALIFICACIÓN,TOTAL INGRESOS A CALIFICACIÓN,RECEPCION  EN DEPENDENCIA POR INGRESO REGULAR,16/04/2026 15:48,ORDINARIO,DECLARACIÓN DE NULIDAD DE ACTOS ADMINISTRATIVOS,Contencioso Administrativo,4,4to Juzgado de Trabajo
00577-2026-0-2301-JR-LA-04,577,2026,INGRESOS A CALIFICACIÓN,TOTAL INGRESOS A CALIFICACIÓN,RECEPCION  EN DEPENDENCIA POR INGRESO REGULAR,15/04/2026 17:21,ORDINARIO,DECLARACIÓN DE NULIDAD DE ACTOS ADMINISTRATIVOS,Contencioso Administrativo,4,4to Juzgado de Trabajo
00575-2026-0-2301-JR-LA-04,575,2026,INGRESOS A CALIFICACIÓN,TOTAL INGRESOS A CALIFICACIÓN,RECEPCION  EN DEPENDENCIA POR INGRESO REGULAR,15/04/2026 17:03,URGENTE,CUMPLIMIENTO DE ACTUACIONES DISPUESTA POR ACTO ADMINISTRATIVO,Contencioso Administrativo,4,4to Juzgado de Trabajo
00567-2026-0-2301-JR-LA-04,567,2026,INGRESOS A CALIFICACIÓN,TOTAL INGRESOS A CALIFICACIÓN,RECEPCION  EN DEPENDENCIA POR INGRESO REGULAR,14/04/2026 13:10,ORDINARIO,RECONOCIMIENTO DEL DERECHO TUTELADO,Contencioso Administrativo,4,4to Juzgado de Trabajo
00563-2026-0-2301-JR-LA-04,563,2026,INGRESOS A CALIFICACIÓN,TOTAL INGRESOS A CALIFICACIÓN,RECEPCION  EN DEPENDENCIA POR INGRESO REGULAR,14/04/2026 12:11,ORDINARIO,DECLARACIÓN DE NULIDAD DE ACTOS ADMINISTRATIVOS,Contencioso Administrativo,4,4to Juzgado de Trabajo
00556-2026-0-2301-JR-LA-04,556,2026,INGRESOS A CALIFICACIÓN,TOTAL INGRESOS A CALIFICACIÓN,RECEPCION  EN DEPENDENCIA POR INGRESO REGULAR,13/04/2026 13:24,ORDINARIO,RECONOCIMIENTO DEL DERECHO TUTELADO,Contencioso Administrativo,4,4to Juzgado de Trabajo
00554-2026-0-2301-JR-LA-04,554,2026,INGRESOS A CALIFICACIÓN,TOTAL INGRESOS A CALIFICACIÓN,RECEPCION  EN DEPENDENCIA POR INGRESO REGULAR,13/04/2026 13:00,ORDINARIO,RECONOCIMIENTO DEL DERECHO TUTELADO,Contencioso Administrativo,4,4to Juzgado de Trabajo
00547-2026-0-2301-JR-LA-04,547,2026,INGRESOS A CALIFICACIÓN,TOTAL INGRESOS A CALIFICACIÓN,RECEPCION  EN DEPENDENCIA POR INGRESO REGULAR,10/04/2026 11:43,ORDINARIO,DECLARACIÓN DE NULIDAD DE ACTOS ADMINISTRATIVOS,Contencioso Administrativo,4,4to Juzgado de Trabajo
00545-2026-0-2301-JR-LA-04,545,2026,INGRESOS A CALIFICACIÓN,TOTAL INGRESOS A CALIFICACIÓN,RECEPCION  EN DEPENDENCIA POR INGRESO REGULAR,09/04/2026 22:39,ORDINARIO,DECLARACIÓN DE NULIDAD DE ACTOS ADMINISTRATIVOS,Contencioso Administrativo,4,4to Juzgado de Trabajo
00542-2026-0-2301-JR-LA-04,542,2026,INGRESOS A CALIFICACIÓN,TOTAL INGRESOS A CALIFICACIÓN,RECEPCION  EN DEPENDENCIA POR INGRESO REGULAR,09/04/2026 15:51,ORDINARIO,DECLARACIÓN DE NULIDAD DE ACTOS ADMINISTRATIVOS,Contencioso Administrativo,4,4to Juzgado de Trabajo
00538-2026-0-2301-JR-LA-04,538,2026,INGRESOS A CALIFICACIÓN,TOTAL INGRESOS A CALIFICACIÓN,RECEPCION  EN DEPENDENCIA POR INGRESO REGULAR,09/04/2026 15:36,ORDINARIO,DECLARACIÓN DE NULIDAD DE ACTOS ADMINISTRATIVOS,Contencioso Administrativo,4,4to Juzgado de Trabajo
00536-2026-0-2301-JR-LA-04,536,2026,INGRESOS A CALIFICACIÓN,TOTAL INGRESOS A CALIFICACIÓN,RECEPCION  EN DEPENDENCIA POR INGRESO REGULAR,09/04/2026 09:43,ORDINARIO,RECONOCIMIENTO DEL DERECHO TUTELADO,Contencioso Administrativo,4,4to Juzgado de Trabajo
00534-2026-0-2301-JR-LA-04,534,2026,INGRESOS A CALIFICACIÓN,TOTAL INGRESOS A CALIFICACIÓN,RECEPCION  EN DEPENDENCIA POR INGRESO REGULAR,08/04/2026 16:01,ORDINARIO,RECONOCIMIENTO DEL DERECHO TUTELADO,Contencioso Administrativo,4,4to Juzgado de Trabajo
00530-2026-0-2301-JR-LA-04,530,2026,INGRESOS A CALIFICACIÓN,TOTAL INGRESOS A CALIFICACIÓN,RECEPCION  EN DEPENDENCIA POR INGRESO REGULAR,08/04/2026 13:17,ORDINARIO,DECLARACIÓN DE NULIDAD DE ACTOS ADMINISTRATIVOS,Contencioso Administrativo,4,4to Juzgado de Trabajo
00528-2026-0-2301-JR-LA-04,528,2026,INGRESOS A CALIFICACIÓN,TOTAL INGRESOS A CALIFICACIÓN,RECEPCION  EN DEPENDENCIA POR INGRESO REGULAR,07/04/2026 17:01,ORDINARIO,RECONOCIMIENTO DEL DERECHO TUTELADO,Contencioso Administrativo,4,4to Juzgado de Trabajo
00526-2026-0-2301-JR-LA-04,526,2026,INGRESOS A CALIFICACIÓN,TOTAL INGRESOS A CALIFICACIÓN,RECEPCION  EN DEPENDENCIA POR INGRESO REGULAR,07/04/2026 13:56,URGENTE,CUMPLIMIENTO DE ACTUACIONES DISPUESTA POR ACTO ADMINISTRATIVO,Contencioso Administrativo,4,4to Juzgado de Trabajo
00520-2026-0-2301-JR-LA-04,520,2026,INGRESOS A CALIFICACIÓN,TOTAL INGRESOS A CALIFICACIÓN,RECEPCION  EN DEPENDENCIA POR INGRESO REGULAR,06/04/2026 16:07,ORDINARIO,RECONOCIMIENTO DEL DERECHO TUTELADO,Contencioso Administrativo,4,4to Juzgado de Trabajo
00518-2026-0-2301-JR-LA-04,518,2026,INGRESOS A CALIFICACIÓN,TOTAL INGRESOS A CALIFICACIÓN,RECEPCION  EN DEPENDENCIA POR INGRESO REGULAR,06/04/2026 12:36,ORDINARIO,DECLARACIÓN DE NULIDAD DE ACTOS ADMINISTRATIVOS,Contencioso Administrativo,4,4to Juzgado de Trabajo
00515-2026-0-2301-JR-LA-04,515,2026,INGRESOS A CALIFICACIÓN,TOTAL INGRESOS A CALIFICACIÓN,RECEPCION  EN DEPENDENCIA POR INGRESO REGULAR,03/04/2026 13:00,ORDINARIO,RECONOCIMIENTO DEL DERECHO TUTELADO,Contencioso Administrativo,4,4to Juzgado de Trabajo
00513-2026-0-2301-JR-LA-04,513,2026,INGRESOS A CALIFICACIÓN,TOTAL INGRESOS A CALIFICACIÓN,RECEPCION  EN DEPENDENCIA POR INGRESO REGULAR,03/04/2026 12:49,ORDINARIO,RECONOCIMIENTO DEL DERECHO TUTELADO,Contencioso Administrativo,4,4to Juzgado de Trabajo
00507-2026-0-2301-JR-LA-04,507,2026,INGRESOS A CALIFICACIÓN,TOTAL INGRESOS A CALIFICACIÓN,RECEPCION  EN DEPENDENCIA POR INGRESO REGULAR,01/04/2026 10:13,ORDINARIO,DECLARACIÓN DE NULIDAD DE ACTOS ADMINISTRATIVOS,Contencioso Administrativo,4,4to Juzgado de Trabajo
00629-2026-0-2301-JR-LA-04,629,2026,INGRESOS A CALIFICACIÓN,TOTAL INGRESOS A CALIFICACIÓN,RECEPCION  EN DEPENDENCIA POR INGRESO REGULAR,24/04/2026 09:24,ORDINARIO,DECLARACIÓN DE NULIDAD DE ACTOS ADMINISTRATIVOS,Contencioso Administrativo,4,4to Juzgado de Trabajo
00615-2026-0-2301-JR-LA-04,615,2026,INGRESOS A CALIFICACIÓN,TOTAL INGRESOS A CALIFICACIÓN,RECEPCION  EN DEPENDENCIA POR INGRESO REGULAR,21/04/2026 23:10,ORDINARIO,DECLARACIÓN DE NULIDAD DE ACTOS ADMINISTRATIVOS,Contencioso Administrativo,4,4to Juzgado de Trabajo
00641-2026-0-2301-JR-LA-04,641,2026,INGRESOS A CALIFICACIÓN,TOTAL INGRESOS A CALIFICACIÓN,RECEPCION  EN DEPENDENCIA POR INGRESO REGULAR,27/04/2026 11:31,ORDINARIO,DECLARACIÓN DE NULIDAD DE ACTOS ADMINISTRATIVOS,Contencioso Administrativo,4,4to Juzgado de Trabajo
00650-2026-0-2301-JR-LA-04,650,2026,INGRESOS A CALIFICACIÓN,TOTAL INGRESOS A CALIFICACIÓN,RECEPCION  EN DEPENDENCIA POR INGRESO REGULAR,28/04/2026 10:18,URGENTE,CUMPLIMIENTO DE ACTUACIONES DISPUESTA POR LEY,Contencioso Administrativo,4,4to Juzgado de Trabajo
00655-2026-0-2301-JR-LA-04,655,2026,INGRESOS A CALIFICACIÓN,TOTAL INGRESOS A CALIFICACIÓN,RECEPCION  EN DEPENDENCIA POR INGRESO REGULAR,29/04/2026 00:15,ORDINARIO,RECONOCIMIENTO DEL DERECHO TUTELADO,Contencioso Administrativo,4,4to Juzgado de Trabajo
00606-2026-0-2301-JR-LA-04,606,2026,INGRESOS A CALIFICACIÓN,TOTAL INGRESOS A CALIFICACIÓN,RECEPCION  EN DEPENDENCIA POR INGRESO REGULAR,21/04/2026 10:26,ORDINARIO,DECLARACIÓN DE NULIDAD DE ACTOS ADMINISTRATIVOS,Contencioso Administrativo,4,4to Juzgado de Trabajo
00665-2026-0-2301-JR-LA-04,665,2026,INGRESOS A CALIFICACIÓN,TOTAL INGRESOS A CALIFICACIÓN,RECEPCION  EN DEPENDENCIA POR INGRESO REGULAR,30/04/2026 13:49,ORDINARIO,DECLARACIÓN DE NULIDAD DE ACTOS ADMINISTRATIVOS,Contencioso Administrativo,4,4to Juzgado de Trabajo
00448-2026-0-2301-JR-LA-01,448,2026,DE OTRA DEPENDENCIA A CALIFICACIÓN,TOTAL INGRESOS A CALIFICACIÓN,RECEPCION  EN DEPENDENCIA POR REDISTRIBUCION,10/04/2026 11:08,ORDINARIO,RECONOCIMIENTO DEL DERECHO TUTELADO,Contencioso Administrativo,4,4to Juzgado de Trabajo
00449-2026-0-2301-JR-LA-03,449,2026,DE OTRA DEPENDENCIA A CALIFICACIÓN,TOTAL INGRESOS A CALIFICACIÓN,RECEPCION  EN DEPENDENCIA POR REDISTRIBUCION,10/04/2026 11:17,ORDINARIO,RECONOCIMIENTO DEL DERECHO TUTELADO,Contencioso Administrativo,4,4to Juzgado de Trabajo
00452-2026-0-2301-JR-LA-01,452,2026,DE OTRA DEPENDENCIA A CALIFICACIÓN,TOTAL INGRESOS A CALIFICACIÓN,RECEPCION  EN DEPENDENCIA POR REDISTRIBUCION,10/04/2026 11:10,ORDINARIO,RECONOCIMIENTO DEL DERECHO TUTELADO,Contencioso Administrativo,4,4to Juzgado de Trabajo
00453-2026-0-2301-JR-LA-03,453,2026,DE OTRA DEPENDENCIA A CALIFICACIÓN,TOTAL INGRESOS A CALIFICACIÓN,RECEPCION  EN DEPENDENCIA POR REDISTRIBUCION,13/04/2026 09:38,URGENTE,RECONOCIMIENTO DEL DERECHO TUTELADO,Contencioso Administrativo,4,4to Juzgado de Trabajo
00581-2026-0-2301-JR-LA-01,581,2026,DE OTRA DEPENDENCIA A CALIFICACIÓN,TOTAL INGRESOS A CALIFICACIÓN,RECEPCION  EN DEPENDENCIA POR REDISTRIBUCION,28/04/2026 16:33,ORDINARIO,RECONOCIMIENTO DEL DERECHO TUTELADO,Contencioso Administrativo,4,4to Juzgado de Trabajo
00584-2026-0-2301-JR-LA-03,584,2026,DE OTRA DEPENDENCIA A CALIFICACIÓN,TOTAL INGRESOS A CALIFICACIÓN,RECEPCION  EN DEPENDENCIA POR REDISTRIBUCION,28/04/2026 16:42,ORDINARIO,RECONOCIMIENTO DEL DERECHO TUTELADO,Contencioso Administrativo,4,4to Juzgado de Trabajo
00585-2026-0-2301-JR-LA-01,585,2026,DE OTRA DEPENDENCIA A CALIFICACIÓN,TOTAL INGRESOS A CALIFICACIÓN,RECEPCION  EN DEPENDENCIA POR REDISTRIBUCION,28/04/2026 16:36,ORDINARIO,RECONOCIMIENTO DEL DERECHO TUTELADO,Contencioso Administrativo,4,4to Juzgado de Trabajo
00657-2026-0-2301-JR-LA-04,657,2026,INGRESOS A CALIFICACIÓN,TOTAL INGRESOS A CALIFICACIÓN,RECEPCION  EN DEPENDENCIA POR INGRESO REGULAR,29/04/2026 10:32,ORDINARIO,RESTABLECIMIENTO DEL DERECHO TUTELADO,Previsional,4,4to Juzgado de Trabajo
00659-2026-0-2301-JR-LA-04,659,2026,INGRESOS A CALIFICACIÓN,TOTAL INGRESOS A CALIFICACIÓN,RECEPCION  EN DEPENDENCIA POR INGRESO REGULAR,29/04/2026 10:49,ORDINARIO,RESTABLECIMIENTO DEL DERECHO TUTELADO,Previsional,4,4to Juzgado de Trabajo
00596-2026-0-2301-JR-LA-04,596,2026,INGRESOS A CALIFICACIÓN,TOTAL INGRESOS A CALIFICACIÓN,RECEPCION  EN DEPENDENCIA POR INGRESO REGULAR,17/04/2026 11:56,ORDINARIO,RESTABLECIMIENTO DEL DERECHO TUTELADO,Previsional,4,4to Juzgado de Trabajo
00509-2026-0-2301-JR-LA-04,509,2026,INGRESOS A CALIFICACIÓN,TOTAL INGRESOS A CALIFICACIÓN,RECEPCION  EN DEPENDENCIA POR INGRESO REGULAR,01/04/2026 10:50,ORDINARIO,RESTABLECIMIENTO DEL DERECHO TUTELADO,Previsional,4,4to Juzgado de Trabajo
00580-2026-0-2301-JR-LA-03,580,2026,DE OTRA DEPENDENCIA A CALIFICACIÓN,TOTAL INGRESOS A CALIFICACIÓN,RECEPCION  EN DEPENDENCIA POR REDISTRIBUCION,28/04/2026 16:39,ORDINARIO,RESTABLECIMIENTO DEL DERECHO TUTELADO,Previsional,4,4to Juzgado de Trabajo
00455-2026-0-2301-JR-LA-03,455,2026,DE OTRA DEPENDENCIA A CALIFICACIÓN,TOTAL INGRESOS A CALIFICACIÓN,RECEPCION  EN DEPENDENCIA POR REDISTRIBUCION,10/04/2026 11:23,ORDINARIO,RESTABLECIMIENTO DEL DERECHO TUTELADO,Previsional,4,4to Juzgado de Trabajo
00456-2026-0-2301-JR-LA-01,456,2026,DE OTRA DEPENDENCIA A CALIFICACIÓN,TOTAL INGRESOS A CALIFICACIÓN,RECEPCION  EN DEPENDENCIA POR REDISTRIBUCION,10/04/2026 11:13,ORDINARIO,RESTABLECIMIENTO DEL DERECHO TUTELADO,Previsional,4,4to Juzgado de Trabajo
