EXPEDIENTE,NRO_EXPEDIENTE,AÑO_EXPEDIENTE,DESCRIPCION_VARIABLE,DESCRIPCION_VARIABLE_DESTINO,ACTO_PROCESAL,FECHA_REGISTRO,PROCESO,MATERIA,SUB ESPECIALIDAD,MES,JUZGADO
02153-2025-0-2301-JR-CI-03,2153,2025,DE OTRA DEPENDENCIA A CALIFICACIÓN,TOTAL INGRESOS A CALIFICACIÓN,RECEPCION  EN DEPENDENCIA POR REDISTRIBUCION,24/12/2025 12:07,ORDINARIO,ACCION CONTENCIOSA ADMINISTRATIVA,Contencioso Administrativo,12,2do Juzgado de Trabajo
02380-2025-0-2301-JR-CI-01,2380,2025,DE OTRA DEPENDENCIA A CALIFICACIÓN,TOTAL INGRESOS A CALIFICACIÓN,RECEPCION  EN DEPENDENCIA POR REDISTRIBUCION,29/12/2025 10:32,ORDINARIO,ACCION CONTENCIOSA ADMINISTRATIVA,Contencioso Administrativo,12,4to Juzgado de Trabajo
02292-2025-0-2301-JR-CI-02,2292,2025,DE OTRA DEPENDENCIA A CALIFICACIÓN,TOTAL INGRESOS A CALIFICACIÓN,RECEPCION  EN DEPENDENCIA POR REDISTRIBUCION,30/12/2025 15:22,ORDINARIO,ACCION CONTENCIOSA ADMINISTRATIVA,Contencioso Administrativo,12,4to Juzgado de Trabajo
02281-2025-0-2301-JR-CI-02,2281,2025,DE OTRA DEPENDENCIA A CALIFICACIÓN,TOTAL INGRESOS A CALIFICACIÓN,RECEPCION  EN DEPENDENCIA POR REDISTRIBUCION,15/12/2025 11:30,ORDINARIO,ACCION CONTENCIOSA ADMINISTRATIVA,Contencioso Administrativo,12,4to Juzgado de Trabajo
02280-2025-0-2301-JR-CI-04,2280,2025,DE OTRA DEPENDENCIA A CALIFICACIÓN,TOTAL INGRESOS A CALIFICACIÓN,RECEPCION  EN DEPENDENCIA POR REDISTRIBUCION,30/12/2025 10:51,ORDINARIO,ACCION CONTENCIOSA ADMINISTRATIVA,Contencioso Administrativo,12,4to Juzgado de Trabajo
02247-2025-0-2301-JR-CI-04,2247,2025,DE OTRA DEPENDENCIA A CALIFICACIÓN,TOTAL INGRESOS A CALIFICACIÓN,RECEPCION  EN DEPENDENCIA POR REDISTRIBUCION,17/12/2025 16:51,ORDINARIO,ACCION CONTENCIOSA ADMINISTRATIVA,Contencioso Administrativo,12,4to Juzgado de Trabajo
00255-2025-0-2301-JR-CI-03,255,2025,DE OTRA DEPENDENCIA A CALIFICACIÓN,TOTAL INGRESOS A CALIFICACIÓN,RECEPCION  EN DEPENDENCIA POR REDISTRIBUCION,31/12/2025 11:25,ORDINARIO,ACCION CONTENCIOSA ADMINISTRATIVA,Contencioso Administrativo,12,4to Juzgado de Trabajo
02249-2025-0-2301-JR-CI-02,2249,2025,DE OTRA DEPENDENCIA A CALIFICACIÓN,TOTAL INGRESOS A CALIFICACIÓN,RECEPCION  EN DEPENDENCIA POR REDISTRIBUCION,30/12/2025 15:20,ORDINARIO,NULIDAD DE RESOLUCION ADMINISTRATIVA,Contencioso Administrativo,12,2do Juzgado de Trabajo
02356-2025-0-2301-JR-CI-04,2356,2025,DE OTRA DEPENDENCIA A CALIFICACIÓN,TOTAL INGRESOS A CALIFICACIÓN,RECEPCION  EN DEPENDENCIA POR REDISTRIBUCION,17/12/2025 16:55,ORDINARIO,NULIDAD DE RESOLUCION ADMINISTRATIVA,Contencioso Administrativo,12,2do Juzgado de Trabajo
01958-2025-0-2301-JR-CI-03,1958,2025,DE OTRA DEPENDENCIA A CALIFICACIÓN,TOTAL INGRESOS A CALIFICACIÓN,RECEPCION  EN DEPENDENCIA POR REDISTRIBUCION,15/12/2025 11:10,ORDINARIO,NULIDAD DE RESOLUCION ADMINISTRATIVA,Contencioso Administrativo,12,4to Juzgado de Trabajo
01760-2025-0-2301-JR-LA-01,1760,2025,DE OTRA DEPENDENCIA A CALIFICACIÓN,TOTAL INGRESOS A CALIFICACIÓN,RECEPCION  EN DEPENDENCIA POR REDISTRIBUCION,24/12/2025 08:54,ORDINARIO,REPOSICION,Contencioso Administrativo,12,2do Juzgado de Trabajo
01781-2025-0-2301-JR-LA-03,1781,2025,DE OTRA DEPENDENCIA A CALIFICACIÓN,TOTAL INGRESOS A CALIFICACIÓN,RECEPCION  EN DEPENDENCIA POR REDISTRIBUCION,16/12/2025 15:53,ORDINARIO,REPOSICION,Contencioso Administrativo,12,2do Juzgado de Trabajo
01783-2025-0-2301-JR-LA-01,1783,2025,DE OTRA DEPENDENCIA A CALIFICACIÓN,TOTAL INGRESOS A CALIFICACIÓN,RECEPCION  EN DEPENDENCIA POR REDISTRIBUCION,24/12/2025 08:56,ORDINARIO,REPOSICION,Contencioso Administrativo,12,4to Juzgado de Trabajo
01777-2025-0-2301-JR-LA-02,1777,2025,INGRESOS A CALIFICACIÓN,TOTAL INGRESOS A CALIFICACIÓN,RECEPCION  EN DEPENDENCIA POR INGRESO REGULAR,03/12/2025 10:45,ORDINARIO,DECLARACIÓN DE NULIDAD DE ACTOS ADMINISTRATIVOS,Contencioso Administrativo,12,2do Juzgado de Trabajo
01797-2025-0-2301-JR-LA-02,1797,2025,INGRESOS A CALIFICACIÓN,TOTAL INGRESOS A CALIFICACIÓN,RECEPCION  EN DEPENDENCIA POR INGRESO REGULAR,05/12/2025 09:20,URGENTE,CUMPLIMIENTO DE ACTUACIONES DISPUESTA POR ACTO ADMINISTRATIVO,Contencioso Administrativo,12,2do Juzgado de Trabajo
01811-2025-0-2301-JR-LA-02,1811,2025,INGRESOS A CALIFICACIÓN,TOTAL INGRESOS A CALIFICACIÓN,RECEPCION  EN DEPENDENCIA POR INGRESO REGULAR,10/12/2025 14:47,ORDINARIO,DECLARACIÓN DE NULIDAD DE ACTOS ADMINISTRATIVOS,Contencioso Administrativo,12,2do Juzgado de Trabajo
01927-2025-0-2301-JR-LA-02,1927,2025,INGRESOS A CALIFICACIÓN,TOTAL INGRESOS A CALIFICACIÓN,RECEPCION  EN DEPENDENCIA POR INGRESO REGULAR,31/12/2025 17:29,ORDINARIO,DECLARACIÓN DE NULIDAD DE ACTOS ADMINISTRATIVOS,Contencioso Administrativo,12,2do Juzgado de Trabajo
01922-2025-0-2301-JR-LA-02,1922,2025,INGRESOS A CALIFICACIÓN,TOTAL INGRESOS A CALIFICACIÓN,RECEPCION  EN DEPENDENCIA POR INGRESO REGULAR,31/12/2025 10:15,ORDINARIO,DECLARACIÓN DE NULIDAD DE ACTOS ADMINISTRATIVOS,Contencioso Administrativo,12,2do Juzgado de Trabajo
01915-2025-0-2301-JR-LA-02,1915,2025,INGRESOS A CALIFICACIÓN,TOTAL INGRESOS A CALIFICACIÓN,RECEPCION  EN DEPENDENCIA POR INGRESO REGULAR,29/12/2025 18:08,ORDINARIO,DECLARACIÓN DE NULIDAD DE ACTOS ADMINISTRATIVOS,Contencioso Administrativo,12,2do Juzgado de Trabajo
01913-2025-0-2301-JR-LA-02,1913,2025,INGRESOS A CALIFICACIÓN,TOTAL INGRESOS A CALIFICACIÓN,RECEPCION  EN DEPENDENCIA POR INGRESO REGULAR,29/12/2025 15:32,ORDINARIO,DECLARACIÓN DE NULIDAD DE ACTOS ADMINISTRATIVOS,Contencioso Administrativo,12,2do Juzgado de Trabajo
01911-2025-0-2301-JR-LA-02,1911,2025,INGRESOS A CALIFICACIÓN,TOTAL INGRESOS A CALIFICACIÓN,RECEPCION  EN DEPENDENCIA POR INGRESO REGULAR,29/12/2025 12:27,ORDINARIO,DECLARACIÓN DE NULIDAD DE ACTOS ADMINISTRATIVOS,Contencioso Administrativo,12,2do Juzgado de Trabajo
01906-2025-0-2301-JR-LA-02,1906,2025,INGRESOS A CALIFICACIÓN,TOTAL INGRESOS A CALIFICACIÓN,RECEPCION  EN DEPENDENCIA POR INGRESO REGULAR,29/12/2025 10:11,URGENTE,CUMPLIMIENTO DE ACTUACIONES DISPUESTA POR ACTO ADMINISTRATIVO,Contencioso Administrativo,12,2do Juzgado de Trabajo
01904-2025-0-2301-JR-LA-02,1904,2025,INGRESOS A CALIFICACIÓN,TOTAL INGRESOS A CALIFICACIÓN,RECEPCION  EN DEPENDENCIA POR INGRESO REGULAR,29/12/2025 09:24,URGENTE,CUMPLIMIENTO DE ACTUACIONES DISPUESTA POR ACTO ADMINISTRATIVO,Contencioso Administrativo,12,2do Juzgado de Trabajo
01902-2025-0-2301-JR-LA-02,1902,2025,INGRESOS A CALIFICACIÓN,TOTAL INGRESOS A CALIFICACIÓN,RECEPCION  EN DEPENDENCIA POR INGRESO REGULAR,26/12/2025 09:47,ORDINARIO,DECLARACIÓN DE NULIDAD DE ACTOS ADMINISTRATIVOS,Contencioso Administrativo,12,2do Juzgado de Trabajo
01897-2025-0-2301-JR-LA-02,1897,2025,INGRESOS A CALIFICACIÓN,TOTAL INGRESOS A CALIFICACIÓN,RECEPCION  EN DEPENDENCIA POR INGRESO REGULAR,24/12/2025 12:00,ORDINARIO,RECONOCIMIENTO DEL DERECHO TUTELADO,Contencioso Administrativo,12,2do Juzgado de Trabajo
01895-2025-0-2301-JR-LA-02,1895,2025,INGRESOS A CALIFICACIÓN,TOTAL INGRESOS A CALIFICACIÓN,RECEPCION  EN DEPENDENCIA POR INGRESO REGULAR,24/12/2025 11:50,ORDINARIO,RECONOCIMIENTO DEL DERECHO TUTELADO,Contencioso Administrativo,12,2do Juzgado de Trabajo
01893-2025-0-2301-JR-LA-02,1893,2025,INGRESOS A CALIFICACIÓN,TOTAL INGRESOS A CALIFICACIÓN,RECEPCION  EN DEPENDENCIA POR INGRESO REGULAR,24/12/2025 11:39,ORDINARIO,RECONOCIMIENTO DEL DERECHO TUTELADO,Contencioso Administrativo,12,2do Juzgado de Trabajo
01888-2025-0-2301-JR-LA-02,1888,2025,INGRESOS A CALIFICACIÓN,TOTAL INGRESOS A CALIFICACIÓN,RECEPCION  EN DEPENDENCIA POR INGRESO REGULAR,24/12/2025 10:35,ORDINARIO,DECLARACIÓN DE NULIDAD DE ACTOS ADMINISTRATIVOS,Contencioso Administrativo,12,2do Juzgado de Trabajo
01886-2025-0-2301-JR-LA-02,1886,2025,INGRESOS A CALIFICACIÓN,TOTAL INGRESOS A CALIFICACIÓN,RECEPCION  EN DEPENDENCIA POR INGRESO REGULAR,23/12/2025 17:54,ORDINARIO,DECLARACIÓN DE INEFICACIA DE ACTOS ADMINISTRATIVOS,Contencioso Administrativo,12,2do Juzgado de Trabajo
01881-2025-0-2301-JR-LA-02,1881,2025,INGRESOS A CALIFICACIÓN,TOTAL INGRESOS A CALIFICACIÓN,RECEPCION  EN DEPENDENCIA POR INGRESO REGULAR,23/12/2025 08:56,ORDINARIO,DECLARACIÓN DE NULIDAD DE ACTOS ADMINISTRATIVOS,Contencioso Administrativo,12,2do Juzgado de Trabajo
01874-2025-0-2301-JR-LA-02,1874,2025,INGRESOS A CALIFICACIÓN,TOTAL INGRESOS A CALIFICACIÓN,RECEPCION  EN DEPENDENCIA POR INGRESO REGULAR,22/12/2025 11:14,ORDINARIO,RECONOCIMIENTO DEL DERECHO TUTELADO,Contencioso Administrativo,12,2do Juzgado de Trabajo
01872-2025-0-2301-JR-LA-02,1872,2025,INGRESOS A CALIFICACIÓN,TOTAL INGRESOS A CALIFICACIÓN,RECEPCION  EN DEPENDENCIA POR INGRESO REGULAR,22/12/2025 11:06,ORDINARIO,RECONOCIMIENTO DEL DERECHO TUTELADO,Contencioso Administrativo,12,2do Juzgado de Trabajo
01869-2025-0-2301-JR-LA-02,1869,2025,INGRESOS A CALIFICACIÓN,TOTAL INGRESOS A CALIFICACIÓN,RECEPCION  EN DEPENDENCIA POR INGRESO REGULAR,19/12/2025 19:35,ORDINARIO,RECONOCIMIENTO DEL DERECHO TUTELADO,Contencioso Administrativo,12,2do Juzgado de Trabajo
01858-2025-0-2301-JR-LA-02,1858,2025,INGRESOS A CALIFICACIÓN,TOTAL INGRESOS A CALIFICACIÓN,RECEPCION  EN DEPENDENCIA POR INGRESO REGULAR,19/12/2025 10:31,ORDINARIO,DECLARACIÓN DE NULIDAD DE ACTOS ADMINISTRATIVOS,Contencioso Administrativo,12,2do Juzgado de Trabajo
01855-2025-0-2301-JR-LA-02,1855,2025,INGRESOS A CALIFICACIÓN,TOTAL INGRESOS A CALIFICACIÓN,RECEPCION  EN DEPENDENCIA POR INGRESO REGULAR,18/12/2025 15:50,ORDINARIO,DECLARACIÓN DE NULIDAD DE ACTOS ADMINISTRATIVOS,Contencioso Administrativo,12,2do Juzgado de Trabajo
01847-2025-0-2301-JR-LA-02,1847,2025,INGRESOS A CALIFICACIÓN,TOTAL INGRESOS A CALIFICACIÓN,RECEPCION  EN DEPENDENCIA POR INGRESO REGULAR,17/12/2025 17:34,ORDINARIO,DECLARACIÓN DE NULIDAD DE ACTOS ADMINISTRATIVOS,Contencioso Administrativo,12,2do Juzgado de Trabajo
01840-2025-0-2301-JR-LA-02,1840,2025,INGRESOS A CALIFICACIÓN,TOTAL INGRESOS A CALIFICACIÓN,RECEPCION  EN DEPENDENCIA POR INGRESO REGULAR,15/12/2025 18:13,ORDINARIO,DECLARACIÓN DE NULIDAD DE ACTOS ADMINISTRATIVOS,Contencioso Administrativo,12,2do Juzgado de Trabajo
01837-2025-0-2301-JR-LA-02,1837,2025,INGRESOS A CALIFICACIÓN,TOTAL INGRESOS A CALIFICACIÓN,RECEPCION  EN DEPENDENCIA POR INGRESO REGULAR,12/12/2025 16:12,ORDINARIO,RECONOCIMIENTO DEL DERECHO TUTELADO,Contencioso Administrativo,12,2do Juzgado de Trabajo
01834-2025-0-2301-JR-LA-02,1834,2025,INGRESOS A CALIFICACIÓN,TOTAL INGRESOS A CALIFICACIÓN,RECEPCION  EN DEPENDENCIA POR INGRESO REGULAR,12/12/2025 13:18,ORDINARIO,DECLARACIÓN DE NULIDAD DE ACTOS ADMINISTRATIVOS,Contencioso Administrativo,12,2do Juzgado de Trabajo
01828-2025-0-2301-JR-LA-02,1828,2025,INGRESOS A CALIFICACIÓN,TOTAL INGRESOS A CALIFICACIÓN,RECEPCION  EN DEPENDENCIA POR INGRESO REGULAR,12/12/2025 10:01,ORDINARIO,DECLARACIÓN DE NULIDAD DE ACTOS ADMINISTRATIVOS,Contencioso Administrativo,12,2do Juzgado de Trabajo
01826-2025-0-2301-JR-LA-02,1826,2025,INGRESOS A CALIFICACIÓN,TOTAL INGRESOS A CALIFICACIÓN,RECEPCION  EN DEPENDENCIA POR INGRESO REGULAR,12/12/2025 09:53,ORDINARIO,DECLARACIÓN DE NULIDAD DE ACTOS ADMINISTRATIVOS,Contencioso Administrativo,12,2do Juzgado de Trabajo
01824-2025-0-2301-JR-LA-02,1824,2025,INGRESOS A CALIFICACIÓN,TOTAL INGRESOS A CALIFICACIÓN,RECEPCION  EN DEPENDENCIA POR INGRESO REGULAR,12/12/2025 09:17,URGENTE,CUMPLIMIENTO DE ACTUACIONES DISPUESTA POR ACTO ADMINISTRATIVO,Contencioso Administrativo,12,2do Juzgado de Trabajo
01820-2025-0-2301-JR-LA-02,1820,2025,INGRESOS A CALIFICACIÓN,TOTAL INGRESOS A CALIFICACIÓN,RECEPCION  EN DEPENDENCIA POR INGRESO REGULAR,11/12/2025 15:17,ORDINARIO,DECLARACIÓN DE NULIDAD DE ACTOS ADMINISTRATIVOS,Contencioso Administrativo,12,2do Juzgado de Trabajo
01818-2025-0-2301-JR-LA-02,1818,2025,INGRESOS A CALIFICACIÓN,TOTAL INGRESOS A CALIFICACIÓN,RECEPCION  EN DEPENDENCIA POR INGRESO REGULAR,11/12/2025 12:21,ORDINARIO,RECONOCIMIENTO DEL DERECHO TUTELADO,Contencioso Administrativo,12,2do Juzgado de Trabajo
01814-2025-0-2301-JR-LA-02,1814,2025,INGRESOS A CALIFICACIÓN,TOTAL INGRESOS A CALIFICACIÓN,RECEPCION  EN DEPENDENCIA POR INGRESO REGULAR,10/12/2025 16:02,ORDINARIO,RECONOCIMIENTO DEL DERECHO TUTELADO,Contencioso Administrativo,12,2do Juzgado de Trabajo
01808-2025-0-2301-JR-LA-02,1808,2025,INGRESOS A CALIFICACIÓN,TOTAL INGRESOS A CALIFICACIÓN,RECEPCION  EN DEPENDENCIA POR INGRESO REGULAR,09/12/2025 22:51,ORDINARIO,DECLARACIÓN DE NULIDAD DE ACTOS ADMINISTRATIVOS,Contencioso Administrativo,12,2do Juzgado de Trabajo
01804-2025-0-2301-JR-LA-02,1804,2025,INGRESOS A CALIFICACIÓN,TOTAL INGRESOS A CALIFICACIÓN,RECEPCION  EN DEPENDENCIA POR INGRESO REGULAR,05/12/2025 13:19,URGENTE,CUMPLIMIENTO DE ACTUACIONES DISPUESTA POR ACTO ADMINISTRATIVO,Contencioso Administrativo,12,2do Juzgado de Trabajo
01801-2025-0-2301-JR-LA-02,1801,2025,INGRESOS A CALIFICACIÓN,TOTAL INGRESOS A CALIFICACIÓN,RECEPCION  EN DEPENDENCIA POR INGRESO REGULAR,05/12/2025 10:37,ORDINARIO,DECLARACIÓN DE NULIDAD DE ACTOS ADMINISTRATIVOS,Contencioso Administrativo,12,2do Juzgado de Trabajo
01794-2025-0-2301-JR-LA-02,1794,2025,INGRESOS A CALIFICACIÓN,TOTAL INGRESOS A CALIFICACIÓN,RECEPCION  EN DEPENDENCIA POR INGRESO REGULAR,04/12/2025 15:59,URGENTE,CUMPLIMIENTO DE ACTUACIONES DISPUESTA POR ACTO ADMINISTRATIVO,Contencioso Administrativo,12,2do Juzgado de Trabajo
01786-2025-0-2301-JR-LA-02,1786,2025,INGRESOS A CALIFICACIÓN,TOTAL INGRESOS A CALIFICACIÓN,RECEPCION  EN DEPENDENCIA POR INGRESO REGULAR,04/12/2025 08:56,URGENTE,CUMPLIMIENTO DE ACTUACIONES DISPUESTA POR ACTO ADMINISTRATIVO,Contencioso Administrativo,12,2do Juzgado de Trabajo
01780-2025-0-2301-JR-LA-02,1780,2025,INGRESOS A CALIFICACIÓN,TOTAL INGRESOS A CALIFICACIÓN,RECEPCION  EN DEPENDENCIA POR INGRESO REGULAR,04/12/2025 08:25,ORDINARIO,DECLARACIÓN DE NULIDAD DE ACTOS ADMINISTRATIVOS,Contencioso Administrativo,12,2do Juzgado de Trabajo
01774-2025-0-2301-JR-LA-02,1774,2025,INGRESOS A CALIFICACIÓN,TOTAL INGRESOS A CALIFICACIÓN,RECEPCION  EN DEPENDENCIA POR INGRESO REGULAR,03/12/2025 08:43,URGENTE,CUMPLIMIENTO DE ACTUACIONES DISPUESTA POR ACTO ADMINISTRATIVO,Contencioso Administrativo,12,2do Juzgado de Trabajo
01772-2025-0-2301-JR-LA-02,1772,2025,INGRESOS A CALIFICACIÓN,TOTAL INGRESOS A CALIFICACIÓN,RECEPCION  EN DEPENDENCIA POR INGRESO REGULAR,02/12/2025 13:45,URGENTE,CUMPLIMIENTO DE ACTUACIONES DISPUESTA POR LEY,Contencioso Administrativo,12,2do Juzgado de Trabajo
01770-2025-0-2301-JR-LA-02,1770,2025,INGRESOS A CALIFICACIÓN,TOTAL INGRESOS A CALIFICACIÓN,RECEPCION  EN DEPENDENCIA POR INGRESO REGULAR,02/12/2025 13:14,URGENTE,CUMPLIMIENTO DE ACTUACIONES DISPUESTA POR ACTO ADMINISTRATIVO,Contencioso Administrativo,12,2do Juzgado de Trabajo
01764-2025-0-2301-JR-LA-02,1764,2025,INGRESOS A CALIFICACIÓN,TOTAL INGRESOS A CALIFICACIÓN,RECEPCION  EN DEPENDENCIA POR INGRESO REGULAR,01/12/2025 12:31,ORDINARIO,DECLARACIÓN DE NULIDAD DE ACTOS ADMINISTRATIVOS,Contencioso Administrativo,12,2do Juzgado de Trabajo
01762-2025-0-2301-JR-LA-02,1762,2025,INGRESOS A CALIFICACIÓN,TOTAL INGRESOS A CALIFICACIÓN,RECEPCION  EN DEPENDENCIA POR INGRESO REGULAR,01/12/2025 12:16,ORDINARIO,DECLARACIÓN DE NULIDAD DE ACTOS ADMINISTRATIVOS,Contencioso Administrativo,12,2do Juzgado de Trabajo
01822-2025-0-2301-JR-LA-02,1822,2025,INGRESOS A CALIFICACIÓN,TOTAL INGRESOS A CALIFICACIÓN,RECEPCION  EN DEPENDENCIA POR INGRESO REGULAR,11/12/2025 15:48,URGENTE,CUMPLIMIENTO DE ACTUACIONES DISPUESTA POR ACTO ADMINISTRATIVO,Contencioso Administrativo,12,2do Juzgado de Trabajo
01830-2025-0-2301-JR-LA-02,1830,2025,INGRESOS A CALIFICACIÓN,TOTAL INGRESOS A CALIFICACIÓN,RECEPCION  EN DEPENDENCIA POR INGRESO REGULAR,12/12/2025 11:34,URGENTE,CUMPLIMIENTO DE ACTUACIONES DISPUESTA POR ACTO ADMINISTRATIVO,Contencioso Administrativo,12,2do Juzgado de Trabajo
01844-2025-0-2301-JR-LA-02,1844,2025,INGRESOS A CALIFICACIÓN,TOTAL INGRESOS A CALIFICACIÓN,RECEPCION  EN DEPENDENCIA POR INGRESO REGULAR,17/12/2025 09:16,ORDINARIO,DECLARACIÓN DE NULIDAD DE ACTOS ADMINISTRATIVOS,Contencioso Administrativo,12,2do Juzgado de Trabajo
01877-2025-0-2301-JR-LA-02,1877,2025,INGRESOS A CALIFICACIÓN,TOTAL INGRESOS A CALIFICACIÓN,RECEPCION  EN DEPENDENCIA POR INGRESO REGULAR,22/12/2025 13:04,ORDINARIO,DECLARACIÓN DE NULIDAD DE ACTOS ADMINISTRATIVOS,Contencioso Administrativo,12,2do Juzgado de Trabajo
01891-2025-0-2301-JR-LA-02,1891,2025,INGRESOS A CALIFICACIÓN,TOTAL INGRESOS A CALIFICACIÓN,RECEPCION  EN DEPENDENCIA POR INGRESO REGULAR,24/12/2025 11:31,ORDINARIO,RECONOCIMIENTO DEL DERECHO TUTELADO,Contencioso Administrativo,12,2do Juzgado de Trabajo
01908-2025-0-2301-JR-LA-02,1908,2025,INGRESOS A CALIFICACIÓN,TOTAL INGRESOS A CALIFICACIÓN,RECEPCION  EN DEPENDENCIA POR INGRESO REGULAR,29/12/2025 10:55,URGENTE,CUMPLIMIENTO DE ACTUACIONES DISPUESTA POR ACTO ADMINISTRATIVO,Contencioso Administrativo,12,2do Juzgado de Trabajo
01917-2025-0-2301-JR-LA-02,1917,2025,INGRESOS A CALIFICACIÓN,TOTAL INGRESOS A CALIFICACIÓN,RECEPCION  EN DEPENDENCIA POR INGRESO REGULAR,30/12/2025 17:01,URGENTE,CUMPLIMIENTO DE ACTUACIONES DISPUESTA POR ACTO ADMINISTRATIVO,Contencioso Administrativo,12,2do Juzgado de Trabajo
01860-2025-0-2301-JR-LA-02,1860,2025,INGRESOS A CALIFICACIÓN,TOTAL INGRESOS A CALIFICACIÓN,RECEPCION  EN DEPENDENCIA POR INGRESO REGULAR,19/12/2025 10:40,ORDINARIO,DECLARACIÓN DE NULIDAD DE ACTOS ADMINISTRATIVOS,Contencioso Administrativo,12,2do Juzgado de Trabajo
01899-2025-0-2301-JR-LA-02,1899,2025,INGRESOS A CALIFICACIÓN,TOTAL INGRESOS A CALIFICACIÓN,RECEPCION  EN DEPENDENCIA POR INGRESO REGULAR,24/12/2025 16:32,ORDINARIO,DECLARACIÓN DE NULIDAD DE ACTOS ADMINISTRATIVOS,Contencioso Administrativo,12,2do Juzgado de Trabajo
01717-2025-0-2301-JR-LA-01,1717,2025,DE OTRA DEPENDENCIA A CALIFICACIÓN,TOTAL INGRESOS A CALIFICACIÓN,RECEPCION  EN DEPENDENCIA POR REDISTRIBUCION,10/12/2025 09:09,ORDINARIO,RECONOCIMIENTO DEL DERECHO TUTELADO,Contencioso Administrativo,12,2do Juzgado de Trabajo
01766-2025-0-2301-JR-LA-01,1766,2025,DE OTRA DEPENDENCIA A CALIFICACIÓN,TOTAL INGRESOS A CALIFICACIÓN,RECEPCION  EN DEPENDENCIA POR REDISTRIBUCION,15/12/2025 09:28,ORDINARIO,DECLARACIÓN DE INEFICACIA DE ACTOS ADMINISTRATIVOS,Contencioso Administrativo,12,2do Juzgado de Trabajo
02254-2025-0-2301-JR-CI-03,2254,2025,DE OTRA DEPENDENCIA A CALIFICACIÓN,TOTAL INGRESOS A CALIFICACIÓN,RECEPCION  EN DEPENDENCIA POR REDISTRIBUCION,03/12/2025 13:09,ORDINARIO,DECLARACIÓN DE NULIDAD DE ACTOS ADMINISTRATIVOS,Contencioso Administrativo,12,2do Juzgado de Trabajo
02285-2025-0-2301-JR-CI-04,2285,2025,DE OTRA DEPENDENCIA A CALIFICACIÓN,TOTAL INGRESOS A CALIFICACIÓN,RECEPCION  EN DEPENDENCIA POR REDISTRIBUCION,15/12/2025 11:22,ORDINARIO,RECONOCIMIENTO DEL DERECHO TUTELADO,Contencioso Administrativo,12,2do Juzgado de Trabajo
01863-2025-0-2301-JR-LA-02,1863,2025,INGRESOS A CALIFICACIÓN,TOTAL INGRESOS A CALIFICACIÓN,RECEPCION  EN DEPENDENCIA POR INGRESO REGULAR,19/12/2025 12:53,ORDINARIO,DECLARACIÓN DE NULIDAD DE ACTOS ADMINISTRATIVOS,Previsional,12,2do Juzgado de Trabajo
01768-2025-0-2301-JR-LA-02,1768,2025,INGRESOS A CALIFICACIÓN,TOTAL INGRESOS A CALIFICACIÓN,RECEPCION  EN DEPENDENCIA POR INGRESO REGULAR,02/12/2025 08:58,ORDINARIO,RESTABLECIMIENTO DEL DERECHO TUTELADO,Previsional,12,2do Juzgado de Trabajo
01784-2025-0-2301-JR-LA-02,1784,2025,INGRESOS A CALIFICACIÓN,TOTAL INGRESOS A CALIFICACIÓN,RECEPCION  EN DEPENDENCIA POR INGRESO REGULAR,04/12/2025 08:37,ORDINARIO,RESTABLECIMIENTO DEL DERECHO TUTELADO,Previsional,12,2do Juzgado de Trabajo
01896-2025-0-2301-JR-LA-04,1896,2025,INGRESOS A CALIFICACIÓN,TOTAL INGRESOS A CALIFICACIÓN,RECEPCION  EN DEPENDENCIA POR INGRESO REGULAR,24/12/2025 11:55,ORDINARIO,RECONOCIMIENTO DEL DERECHO TUTELADO,Contencioso Administrativo,12,4to Juzgado de Trabajo
01907-2025-0-2301-JR-LA-04,1907,2025,INGRESOS A CALIFICACIÓN,TOTAL INGRESOS A CALIFICACIÓN,RECEPCION  EN DEPENDENCIA POR INGRESO REGULAR,29/12/2025 10:22,URGENTE,CUMPLIMIENTO DE ACTUACIONES DISPUESTA POR ACTO ADMINISTRATIVO,Contencioso Administrativo,12,4to Juzgado de Trabajo
01916-2025-0-2301-JR-LA-04,1916,2025,INGRESOS A CALIFICACIÓN,TOTAL INGRESOS A CALIFICACIÓN,RECEPCION  EN DEPENDENCIA POR INGRESO REGULAR,29/12/2025 23:36,ORDINARIO,DECLARACIÓN DE NULIDAD DE ACTOS ADMINISTRATIVOS,Contencioso Administrativo,12,4to Juzgado de Trabajo
01925-2025-0-2301-JR-LA-04,1925,2025,INGRESOS A CALIFICACIÓN,TOTAL INGRESOS A CALIFICACIÓN,RECEPCION  EN DEPENDENCIA POR INGRESO REGULAR,31/12/2025 15:03,URGENTE,CUMPLIMIENTO DE ACTUACIONES DISPUESTA POR LEY,Contencioso Administrativo,12,4to Juzgado de Trabajo
01838-2025-0-2301-JR-LA-04,1838,2025,INGRESOS A CALIFICACIÓN,TOTAL INGRESOS A CALIFICACIÓN,RECEPCION  EN DEPENDENCIA POR INGRESO REGULAR,15/12/2025 09:20,ORDINARIO,DECLARACIÓN DE INEFICACIA DE ACTOS ADMINISTRATIVOS,Contencioso Administrativo,12,4to Juzgado de Trabajo
01763-2025-0-2301-JR-LA-04,1763,2025,INGRESOS A CALIFICACIÓN,TOTAL INGRESOS A CALIFICACIÓN,RECEPCION  EN DEPENDENCIA POR INGRESO REGULAR,01/12/2025 12:24,ORDINARIO,DECLARACIÓN DE NULIDAD DE ACTOS ADMINISTRATIVOS,Contencioso Administrativo,12,4to Juzgado de Trabajo
01765-2025-0-2301-JR-LA-04,1765,2025,INGRESOS A CALIFICACIÓN,TOTAL INGRESOS A CALIFICACIÓN,RECEPCION  EN DEPENDENCIA POR INGRESO REGULAR,01/12/2025 12:56,ORDINARIO,DECLARACIÓN DE NULIDAD DE ACTOS ADMINISTRATIVOS,Contencioso Administrativo,12,4to Juzgado de Trabajo
01769-2025-0-2301-JR-LA-04,1769,2025,INGRESOS A CALIFICACIÓN,TOTAL INGRESOS A CALIFICACIÓN,RECEPCION  EN DEPENDENCIA POR INGRESO REGULAR,02/12/2025 10:59,ORDINARIO,DECLARACIÓN DE NULIDAD DE ACTOS ADMINISTRATIVOS,Contencioso Administrativo,12,4to Juzgado de Trabajo
01771-2025-0-2301-JR-LA-04,1771,2025,INGRESOS A CALIFICACIÓN,TOTAL INGRESOS A CALIFICACIÓN,RECEPCION  EN DEPENDENCIA POR INGRESO REGULAR,02/12/2025 13:18,ORDINARIO,RECONOCIMIENTO DEL DERECHO TUTELADO,Contencioso Administrativo,12,4to Juzgado de Trabajo
01775-2025-0-2301-JR-LA-04,1775,2025,INGRESOS A CALIFICACIÓN,TOTAL INGRESOS A CALIFICACIÓN,RECEPCION  EN DEPENDENCIA POR INGRESO REGULAR,03/12/2025 08:53,ORDINARIO,DECLARACIÓN DE NULIDAD DE ACTOS ADMINISTRATIVOS,Contencioso Administrativo,12,4to Juzgado de Trabajo
01785-2025-0-2301-JR-LA-04,1785,2025,INGRESOS A CALIFICACIÓN,TOTAL INGRESOS A CALIFICACIÓN,RECEPCION  EN DEPENDENCIA POR INGRESO REGULAR,04/12/2025 08:51,URGENTE,CUMPLIMIENTO DE ACTUACIONES DISPUESTA POR ACTO ADMINISTRATIVO,Contencioso Administrativo,12,4to Juzgado de Trabajo
01796-2025-0-2301-JR-LA-04,1796,2025,INGRESOS A CALIFICACIÓN,TOTAL INGRESOS A CALIFICACIÓN,RECEPCION  EN DEPENDENCIA POR INGRESO REGULAR,05/12/2025 09:03,ORDINARIO,DECLARACIÓN DE NULIDAD DE ACTOS ADMINISTRATIVOS,Contencioso Administrativo,12,4to Juzgado de Trabajo
01802-2025-0-2301-JR-LA-04,1802,2025,INGRESOS A CALIFICACIÓN,TOTAL INGRESOS A CALIFICACIÓN,RECEPCION  EN DEPENDENCIA POR INGRESO REGULAR,05/12/2025 11:11,URGENTE,CUMPLIMIENTO DE ACTUACIONES DISPUESTA POR ACTO ADMINISTRATIVO,Contencioso Administrativo,12,4to Juzgado de Trabajo
01813-2025-0-2301-JR-LA-04,1813,2025,INGRESOS A CALIFICACIÓN,TOTAL INGRESOS A CALIFICACIÓN,RECEPCION  EN DEPENDENCIA POR INGRESO REGULAR,10/12/2025 15:58,ORDINARIO,RECONOCIMIENTO DEL DERECHO TUTELADO,Contencioso Administrativo,12,4to Juzgado de Trabajo
01821-2025-0-2301-JR-LA-04,1821,2025,INGRESOS A CALIFICACIÓN,TOTAL INGRESOS A CALIFICACIÓN,RECEPCION  EN DEPENDENCIA POR INGRESO REGULAR,11/12/2025 15:32,ORDINARIO,DECLARACIÓN DE NULIDAD DE ACTOS ADMINISTRATIVOS,Contencioso Administrativo,12,4to Juzgado de Trabajo
01825-2025-0-2301-JR-LA-04,1825,2025,INGRESOS A CALIFICACIÓN,TOTAL INGRESOS A CALIFICACIÓN,RECEPCION  EN DEPENDENCIA POR INGRESO REGULAR,12/12/2025 09:25,ORDINARIO,DECLARACIÓN DE NULIDAD DE ACTOS ADMINISTRATIVOS,Contencioso Administrativo,12,4to Juzgado de Trabajo
01829-2025-0-2301-JR-LA-04,1829,2025,INGRESOS A CALIFICACIÓN,TOTAL INGRESOS A CALIFICACIÓN,RECEPCION  EN DEPENDENCIA POR INGRESO REGULAR,12/12/2025 10:05,URGENTE,CUMPLIMIENTO DE ACTUACIONES DISPUESTA POR ACTO ADMINISTRATIVO,Contencioso Administrativo,12,4to Juzgado de Trabajo
01836-2025-0-2301-JR-LA-04,1836,2025,INGRESOS A CALIFICACIÓN,TOTAL INGRESOS A CALIFICACIÓN,RECEPCION  EN DEPENDENCIA POR INGRESO REGULAR,12/12/2025 16:08,ORDINARIO,RECONOCIMIENTO DEL DERECHO TUTELADO,Contencioso Administrativo,12,4to Juzgado de Trabajo
01842-2025-0-2301-JR-LA-04,1842,2025,INGRESOS A CALIFICACIÓN,TOTAL INGRESOS A CALIFICACIÓN,RECEPCION  EN DEPENDENCIA POR INGRESO REGULAR,16/12/2025 17:06,ORDINARIO,RELATIVAS A MATERIA PREVISIONAL,Contencioso Administrativo,12,4to Juzgado de Trabajo
01856-2025-0-2301-JR-LA-04,1856,2025,INGRESOS A CALIFICACIÓN,TOTAL INGRESOS A CALIFICACIÓN,RECEPCION  EN DEPENDENCIA POR INGRESO REGULAR,18/12/2025 17:41,URGENTE,CUMPLIMIENTO DE ACTUACIONES DISPUESTA POR ACTO ADMINISTRATIVO,Contencioso Administrativo,12,4to Juzgado de Trabajo
01868-2025-0-2301-JR-LA-04,1868,2025,INGRESOS A CALIFICACIÓN,TOTAL INGRESOS A CALIFICACIÓN,RECEPCION  EN DEPENDENCIA POR INGRESO REGULAR,19/12/2025 18:15,ORDINARIO,RECONOCIMIENTO DEL DERECHO TUTELADO,Contencioso Administrativo,12,4to Juzgado de Trabajo
01873-2025-0-2301-JR-LA-04,1873,2025,INGRESOS A CALIFICACIÓN,TOTAL INGRESOS A CALIFICACIÓN,RECEPCION  EN DEPENDENCIA POR INGRESO REGULAR,22/12/2025 11:10,URGENTE,CUMPLIMIENTO DE ACTUACIONES DISPUESTA POR LEY,Contencioso Administrativo,12,4to Juzgado de Trabajo
01878-2025-0-2301-JR-LA-04,1878,2025,INGRESOS A CALIFICACIÓN,TOTAL INGRESOS A CALIFICACIÓN,RECEPCION  EN DEPENDENCIA POR INGRESO REGULAR,22/12/2025 14:24,ORDINARIO,DECLARACIÓN DE NULIDAD DE ACTOS ADMINISTRATIVOS,Contencioso Administrativo,12,4to Juzgado de Trabajo
01890-2025-0-2301-JR-LA-04,1890,2025,INGRESOS A CALIFICACIÓN,TOTAL INGRESOS A CALIFICACIÓN,RECEPCION  EN DEPENDENCIA POR INGRESO REGULAR,24/12/2025 11:26,ORDINARIO,RECONOCIMIENTO DEL DERECHO TUTELADO,Contencioso Administrativo,12,4to Juzgado de Trabajo
01892-2025-0-2301-JR-LA-04,1892,2025,INGRESOS A CALIFICACIÓN,TOTAL INGRESOS A CALIFICACIÓN,RECEPCION  EN DEPENDENCIA POR INGRESO REGULAR,24/12/2025 11:35,ORDINARIO,RECONOCIMIENTO DEL DERECHO TUTELADO,Contencioso Administrativo,12,4to Juzgado de Trabajo
01894-2025-0-2301-JR-LA-04,1894,2025,INGRESOS A CALIFICACIÓN,TOTAL INGRESOS A CALIFICACIÓN,RECEPCION  EN DEPENDENCIA POR INGRESO REGULAR,24/12/2025 11:46,ORDINARIO,RECONOCIMIENTO DEL DERECHO TUTELADO,Contencioso Administrativo,12,4to Juzgado de Trabajo
01827-2025-0-2301-JR-LA-04,1827,2025,INGRESOS A CALIFICACIÓN,TOTAL INGRESOS A CALIFICACIÓN,RECEPCION  EN DEPENDENCIA POR INGRESO REGULAR,12/12/2025 09:56,ORDINARIO,RECONOCIMIENTO DEL DERECHO TUTELADO,Contencioso Administrativo,12,4to Juzgado de Trabajo
01898-2025-0-2301-JR-LA-04,1898,2025,INGRESOS A CALIFICACIÓN,TOTAL INGRESOS A CALIFICACIÓN,RECEPCION  EN DEPENDENCIA POR INGRESO REGULAR,24/12/2025 12:04,ORDINARIO,DECLARACIÓN DE NULIDAD DE ACTOS ADMINISTRATIVOS,Contencioso Administrativo,12,4to Juzgado de Trabajo
01903-2025-0-2301-JR-LA-04,1903,2025,INGRESOS A CALIFICACIÓN,TOTAL INGRESOS A CALIFICACIÓN,RECEPCION  EN DEPENDENCIA POR INGRESO REGULAR,26/12/2025 09:55,URGENTE,CUMPLIMIENTO DE ACTUACIONES DISPUESTA POR ACTO ADMINISTRATIVO,Contencioso Administrativo,12,4to Juzgado de Trabajo
01910-2025-0-2301-JR-LA-04,1910,2025,INGRESOS A CALIFICACIÓN,TOTAL INGRESOS A CALIFICACIÓN,RECEPCION  EN DEPENDENCIA POR INGRESO REGULAR,29/12/2025 12:25,ORDINARIO,DECLARACIÓN DE NULIDAD DE ACTOS ADMINISTRATIVOS,Contencioso Administrativo,12,4to Juzgado de Trabajo
01806-2025-0-2301-JR-LA-04,1806,2025,INGRESOS A CALIFICACIÓN,TOTAL INGRESOS A CALIFICACIÓN,RECEPCION  EN DEPENDENCIA POR INGRESO REGULAR,05/12/2025 15:56,ORDINARIO,DECLARACIÓN DE NULIDAD DE ACTOS ADMINISTRATIVOS,Contencioso Administrativo,12,4to Juzgado de Trabajo
01912-2025-0-2301-JR-LA-04,1912,2025,INGRESOS A CALIFICACIÓN,TOTAL INGRESOS A CALIFICACIÓN,RECEPCION  EN DEPENDENCIA POR INGRESO REGULAR,29/12/2025 12:31,ORDINARIO,DECLARACIÓN DE NULIDAD DE ACTOS ADMINISTRATIVOS,Contencioso Administrativo,12,4to Juzgado de Trabajo
01914-2025-0-2301-JR-LA-04,1914,2025,INGRESOS A CALIFICACIÓN,TOTAL INGRESOS A CALIFICACIÓN,RECEPCION  EN DEPENDENCIA POR INGRESO REGULAR,29/12/2025 15:35,ORDINARIO,DECLARACIÓN DE NULIDAD DE ACTOS ADMINISTRATIVOS,Contencioso Administrativo,12,4to Juzgado de Trabajo
01921-2025-0-2301-JR-LA-04,1921,2025,INGRESOS A CALIFICACIÓN,TOTAL INGRESOS A CALIFICACIÓN,RECEPCION  EN DEPENDENCIA POR INGRESO REGULAR,31/12/2025 10:09,ORDINARIO,DECLARACIÓN DE NULIDAD DE ACTOS ADMINISTRATIVOS,Contencioso Administrativo,12,4to Juzgado de Trabajo
01778-2025-0-2301-JR-LA-04,1778,2025,INGRESOS A CALIFICACIÓN,TOTAL INGRESOS A CALIFICACIÓN,RECEPCION  EN DEPENDENCIA POR INGRESO REGULAR,03/12/2025 10:55,ORDINARIO,DECLARACIÓN DE NULIDAD DE ACTOS ADMINISTRATIVOS,Contencioso Administrativo,12,4to Juzgado de Trabajo
01885-2025-0-2301-JR-LA-04,1885,2025,INGRESOS A CALIFICACIÓN,TOTAL INGRESOS A CALIFICACIÓN,RECEPCION  EN DEPENDENCIA POR INGRESO REGULAR,23/12/2025 17:47,ORDINARIO,DECLARACIÓN DE INEFICACIA DE ACTOS ADMINISTRATIVOS,Contencioso Administrativo,12,4to Juzgado de Trabajo
01845-2025-0-2301-JR-LA-04,1845,2025,INGRESOS A CALIFICACIÓN,TOTAL INGRESOS A CALIFICACIÓN,RECEPCION  EN DEPENDENCIA POR INGRESO REGULAR,17/12/2025 09:57,ORDINARIO,DECLARACIÓN DE NULIDAD DE ACTOS ADMINISTRATIVOS,Contencioso Administrativo,12,4to Juzgado de Trabajo
01875-2025-0-2301-JR-LA-04,1875,2025,INGRESOS A CALIFICACIÓN,TOTAL INGRESOS A CALIFICACIÓN,RECEPCION  EN DEPENDENCIA POR INGRESO REGULAR,22/12/2025 11:19,URGENTE,CUMPLIMIENTO DE ACTUACIONES DISPUESTA POR LEY,Contencioso Administrativo,12,4to Juzgado de Trabajo
01859-2025-0-2301-JR-LA-04,1859,2025,INGRESOS A CALIFICACIÓN,TOTAL INGRESOS A CALIFICACIÓN,RECEPCION  EN DEPENDENCIA POR INGRESO REGULAR,19/12/2025 10:35,ORDINARIO,DECLARACIÓN DE NULIDAD DE ACTOS ADMINISTRATIVOS,Contencioso Administrativo,12,4to Juzgado de Trabajo
01871-2025-0-2301-JR-LA-04,1871,2025,INGRESOS A CALIFICACIÓN,TOTAL INGRESOS A CALIFICACIÓN,RECEPCION  EN DEPENDENCIA POR INGRESO REGULAR,22/12/2025 07:07,ORDINARIO,RECONOCIMIENTO DEL DERECHO TUTELADO,Contencioso Administrativo,12,4to Juzgado de Trabajo
01833-2025-0-2301-JR-LA-04,1833,2025,INGRESOS A CALIFICACIÓN,TOTAL INGRESOS A CALIFICACIÓN,RECEPCION  EN DEPENDENCIA POR INGRESO REGULAR,12/12/2025 12:30,ORDINARIO,DECLARACIÓN DE NULIDAD DE ACTOS ADMINISTRATIVOS,Contencioso Administrativo,12,4to Juzgado de Trabajo
01819-2025-0-2301-JR-LA-04,1819,2025,INGRESOS A CALIFICACIÓN,TOTAL INGRESOS A CALIFICACIÓN,RECEPCION  EN DEPENDENCIA POR INGRESO REGULAR,11/12/2025 14:51,ORDINARIO,DECLARACIÓN DE NULIDAD DE ACTOS ADMINISTRATIVOS,Contencioso Administrativo,12,4to Juzgado de Trabajo
01901-2025-0-2301-JR-LA-04,1901,2025,INGRESOS A CALIFICACIÓN,TOTAL INGRESOS A CALIFICACIÓN,RECEPCION  EN DEPENDENCIA POR INGRESO REGULAR,26/12/2025 09:38,ORDINARIO,DECLARACIÓN DE NULIDAD DE ACTOS ADMINISTRATIVOS,Contencioso Administrativo,12,4to Juzgado de Trabajo
01823-2025-0-2301-JR-LA-04,1823,2025,INGRESOS A CALIFICACIÓN,TOTAL INGRESOS A CALIFICACIÓN,RECEPCION  EN DEPENDENCIA POR INGRESO REGULAR,11/12/2025 17:35,ORDINARIO,RECONOCIMIENTO DEL DERECHO TUTELADO,Contencioso Administrativo,12,4to Juzgado de Trabajo
01793-2025-0-2301-JR-LA-04,1793,2025,INGRESOS A CALIFICACIÓN,TOTAL INGRESOS A CALIFICACIÓN,RECEPCION  EN DEPENDENCIA POR INGRESO REGULAR,04/12/2025 15:56,URGENTE,CUMPLIMIENTO DE ACTUACIONES DISPUESTA POR ACTO ADMINISTRATIVO,Contencioso Administrativo,12,4to Juzgado de Trabajo
01809-2025-0-2301-JR-LA-04,1809,2025,INGRESOS A CALIFICACIÓN,TOTAL INGRESOS A CALIFICACIÓN,RECEPCION  EN DEPENDENCIA POR INGRESO REGULAR,10/12/2025 08:43,ORDINARIO,DECLARACIÓN DE NULIDAD DE ACTOS ADMINISTRATIVOS,Contencioso Administrativo,12,4to Juzgado de Trabajo
01773-2025-0-2301-JR-LA-04,1773,2025,INGRESOS A CALIFICACIÓN,TOTAL INGRESOS A CALIFICACIÓN,RECEPCION  EN DEPENDENCIA POR INGRESO REGULAR,02/12/2025 17:58,ORDINARIO,DECLARACIÓN DE NULIDAD DE ACTOS ADMINISTRATIVOS,Contencioso Administrativo,12,4to Juzgado de Trabajo
02324-2025-0-2301-JR-CI-02,2324,2025,DE OTRA DEPENDENCIA A CALIFICACIÓN,TOTAL INGRESOS A CALIFICACIÓN,RECEPCION  EN DEPENDENCIA POR REDISTRIBUCION,12/12/2025 10:25,ORDINARIO,RECONOCIMIENTO DEL DERECHO TUTELADO,Contencioso Administrativo,12,4to Juzgado de Trabajo
01999-2025-0-2301-JR-CI-03,1999,2025,DE OTRA DEPENDENCIA A CALIFICACIÓN,TOTAL INGRESOS A CALIFICACIÓN,RECEPCION  EN DEPENDENCIA POR REDISTRIBUCION,17/12/2025 17:05,ORDINARIO,DECLARACIÓN DE NULIDAD DE ACTOS ADMINISTRATIVOS,Contencioso Administrativo,12,4to Juzgado de Trabajo
01715-2025-0-2301-JR-LA-01,1715,2025,DE OTRA DEPENDENCIA A CALIFICACIÓN,TOTAL INGRESOS A CALIFICACIÓN,RECEPCION  EN DEPENDENCIA POR REDISTRIBUCION,10/12/2025 09:07,ORDINARIO,RECONOCIMIENTO DEL DERECHO TUTELADO,Contencioso Administrativo,12,4to Juzgado de Trabajo
01490-2025-0-2301-JR-LA-03,1490,2025,DE OTRA DEPENDENCIA A CALIFICACIÓN,TOTAL INGRESOS A CALIFICACIÓN,RECEPCION  EN DEPENDENCIA POR REDISTRIBUCION,29/12/2025 09:20,ORDINARIO,DECLARACIÓN DE INEFICACIA DE ACTOS ADMINISTRATIVOS,Contencioso Administrativo,12,4to Juzgado de Trabajo
01782-2025-0-2301-JR-LA-04,1782,2025,INGRESOS A CALIFICACIÓN,TOTAL INGRESOS A CALIFICACIÓN,RECEPCION  EN DEPENDENCIA POR INGRESO REGULAR,04/12/2025 08:31,ORDINARIO,RESTABLECIMIENTO DEL DERECHO TUTELADO,Previsional,12,4to Juzgado de Trabajo
01817-2025-0-2301-JR-LA-04,1817,2025,INGRESOS A CALIFICACIÓN,TOTAL INGRESOS A CALIFICACIÓN,RECEPCION  EN DEPENDENCIA POR INGRESO REGULAR,10/12/2025 16:36,ORDINARIO,RESTABLECIMIENTO DEL DERECHO TUTELADO,Previsional,12,4to Juzgado de Trabajo
01854-2025-0-2301-JR-LA-04,1854,2025,INGRESOS A CALIFICACIÓN,TOTAL INGRESOS A CALIFICACIÓN,RECEPCION  EN DEPENDENCIA POR INGRESO REGULAR,18/12/2025 15:34,ORDINARIO,DECLARACIÓN DE NULIDAD DE ACTOS ADMINISTRATIVOS,Previsional,12,4to Juzgado de Trabajo
01887-2025-0-2301-JR-LA-04,1887,2025,INGRESOS A CALIFICACIÓN,TOTAL INGRESOS A CALIFICACIÓN,RECEPCION  EN DEPENDENCIA POR INGRESO REGULAR,24/12/2025 10:25,URGENTE,CONTENIDO ESPECIAL DEL DERECHO A LA PENSION,Previsional,12,4to Juzgado de Trabajo
01905-2025-0-2301-JR-LA-04,1905,2025,INGRESOS A CALIFICACIÓN,TOTAL INGRESOS A CALIFICACIÓN,RECEPCION  EN DEPENDENCIA POR INGRESO REGULAR,29/12/2025 09:33,ORDINARIO,DECLARACIÓN DE NULIDAD DE ACTOS ADMINISTRATIVOS,Previsional,12,4to Juzgado de Trabajo
01861-2025-0-2301-JR-LA-04,1861,2025,INGRESOS A CALIFICACIÓN,TOTAL INGRESOS A CALIFICACIÓN,RECEPCION  EN DEPENDENCIA POR INGRESO REGULAR,19/12/2025 11:08,ORDINARIO,RESTABLECIMIENTO DEL DERECHO TUTELADO,Previsional,12,4to Juzgado de Trabajo
01716-2025-0-2301-JR-LA-03,1716,2025,DE OTRA DEPENDENCIA A CALIFICACIÓN,TOTAL INGRESOS A CALIFICACIÓN,RECEPCION  EN DEPENDENCIA POR REDISTRIBUCION,10/12/2025 09:11,ORDINARIO,RESTABLECIMIENTO DEL DERECHO TUTELADO,Previsional,12,4to Juzgado de Trabajo
