EXPEDIENTE,NRO_EXPEDIENTE,AÑO_EXPEDIENTE,DESCRIPCION_VARIABLE,DESCRIPCION_VARIABLE_DESTINO,ACTO_PROCESAL,FECHA_REGISTRO,PROCESO,MATERIA,SUB ESPECIALIDAD,MES,JUZGADO,,,,,,,,,,,,,,,,,,,,,,,,,,,,,,,,,
00868-2023-0-2301-JR-LA-02,868,2023,SENTENCIAS,TOTAL RESOLUCIONES FINALES EN 1RA INSTANCIA,SENTENCIA IMPROCEDENTE,26/01/2026 12:44,ORDINARIO,ACCION CONTENCIOSA ADMINISTRATIVA,Contencioso Administrativo,1,2do Juzgado de Trabajo,,,,,,,,,,,,,,,,,,,,,,,,,,,,,,,,,
00440-2024-0-2301-JR-LA-01,440,2024,SENTENCIAS,TOTAL RESOLUCIONES FINALES EN 1RA INSTANCIA,SENTENCIA FUNDADA,26/01/2026 12:43,ORDINARIO,ACCION CONTENCIOSA ADMINISTRATIVA,Contencioso Administrativo,1,2do Juzgado de Trabajo,,,,,,,,,,,,,,,,,,,,,,,,,,,,,,,,,
00674-2019-0-2301-JR-LA-02,674,2019,SENTENCIAS,TOTAL RESOLUCIONES FINALES EN 1RA INSTANCIA,SENTENCIA INFUNDADA,22/01/2026 09:14,CONTENCIOSO ADMINISTRATIVO,ACCION CONTENCIOSA ADMINISTRATIVA,Contencioso Administrativo,1,2do Juzgado de Trabajo,,,,,,,,,,,,,,,,,,,,,,,,,,,,,,,,,
01180-2024-0-2301-JR-LA-02,1180,2024,SENTENCIAS,TOTAL RESOLUCIONES FINALES EN 1RA INSTANCIA,SENTENCIA INFUNDADA,30/01/2026 17:40,ORDINARIO,ACCION CONTENCIOSA ADMINISTRATIVA,Contencioso Administrativo,1,2do Juzgado de Trabajo,,,,,,,,,,,,,,,,,,,,,,,,,,,,,,,,,
00966-2023-0-2301-JR-LA-02,966,2023,SENTENCIAS,TOTAL RESOLUCIONES FINALES EN 1RA INSTANCIA,SENTENCIA INFUNDADA,26/01/2026 15:04,ORDINARIO,ACCION CONTENCIOSA ADMINISTRATIVA,Contencioso Administrativo,1,2do Juzgado de Trabajo,,,,,,,,,,,,,,,,,,,,,,,,,,,,,,,,,
00988-2023-0-2301-JR-LA-02,988,2023,SENTENCIAS,TOTAL RESOLUCIONES FINALES EN 1RA INSTANCIA,SENTENCIA INFUNDADA,22/01/2026 16:59,ORDINARIO,ACCION CONTENCIOSA ADMINISTRATIVA,Contencioso Administrativo,1,2do Juzgado de Trabajo,,,,,,,,,,,,,,,,,,,,,,,,,,,,,,,,,
01682-2023-0-2301-JR-LA-02,1682,2023,SENTENCIAS,TOTAL RESOLUCIONES FINALES EN 1RA INSTANCIA,SENTENCIA FUNDADA EN PARTE,07/01/2026 17:23,ORDINARIO,ACCION CONTENCIOSA ADMINISTRATIVA,Contencioso Administrativo,1,4to Juzgado de Trabajo,,,,,,,,,,,,,,,,,,,,,,,,,,,,,,,,,
00744-2022-0-2301-JR-LA-02,744,2022,SENTENCIAS,TOTAL RESOLUCIONES FINALES EN 1RA INSTANCIA,SENTENCIA INFUNDADA,21/01/2026 17:43,CONTENCIOSO ADMINISTRATIVO,ACCION CONTENCIOSA ADMINISTRATIVA,Contencioso Administrativo,1,4to Juzgado de Trabajo,,,,,,,,,,,,,,,,,,,,,,,,,,,,,,,,,
00894-2023-0-2301-JR-CI-04,894,2023,SENTENCIAS,TOTAL RESOLUCIONES FINALES EN 1RA INSTANCIA,SENTENCIA INFUNDADA,16/01/2026 16:09,ORDINARIO,ACCION CONTENCIOSA ADMINISTRATIVA,Contencioso Administrativo,1,4to Juzgado de Trabajo,,,,,,,,,,,,,,,,,,,,,,,,,,,,,,,,,
01248-2023-0-2301-JR-LA-02,1248,2023,SENTENCIAS,TOTAL RESOLUCIONES FINALES EN 1RA INSTANCIA,SENTENCIA FUNDADA,16/01/2026 11:38,ORDINARIO,ACCION CONTENCIOSA ADMINISTRATIVA,Contencioso Administrativo,1,4to Juzgado de Trabajo,,,,,,,,,,,,,,,,,,,,,,,,,,,,,,,,,
00103-2016-0-2301-JR-LA-02,103,2016,SENTENCIAS,TOTAL RESOLUCIONES FINALES EN 1RA INSTANCIA,SENTENCIA INFUNDADA,14/01/2026 12:58,ESPECIAL,IMPUGNACION DE ACTO O RESOLUCION ADMINISTRATIVA,Contencioso Administrativo,1,2do Juzgado de Trabajo,,,,,,,,,,,,,,,,,,,,,,,,,,,,,,,,,
00926-2021-0-2301-JR-LA-03,926,2021,SENTENCIAS,TOTAL RESOLUCIONES FINALES EN 1RA INSTANCIA,SENTENCIA FUNDADA,26/01/2026 14:38,CONTENCIOSO ADMINISTRATIVO,NULIDAD DE RESOLUCION ADMINISTRATIVA,Contencioso Administrativo,1,2do Juzgado de Trabajo,,,,,,,,,,,,,,,,,,,,,,,,,,,,,,,,,
02004-2018-0-2301-JR-CI-03,2004,2018,SENTENCIAS,TOTAL RESOLUCIONES FINALES EN 1RA INSTANCIA,SENTENCIA INFUNDADA,19/01/2026 15:30,CONTENCIOSO ADMINISTRATIVO,NULIDAD DE RESOLUCION ADMINISTRATIVA,Contencioso Administrativo,1,2do Juzgado de Trabajo,,,,,,,,,,,,,,,,,,,,,,,,,,,,,,,,,
00468-2023-0-2301-JR-LA-02,468,2023,SENTENCIAS,TOTAL RESOLUCIONES FINALES EN 1RA INSTANCIA,SENTENCIA IMPROCEDENTE,15/01/2026 13:30,CONTENCIOSO ADMINISTRATIVO,NULIDAD DE RESOLUCION ADMINISTRATIVA,Contencioso Administrativo,1,2do Juzgado de Trabajo,,,,,,,,,,,,,,,,,,,,,,,,,,,,,,,,,
00581-2019-0-2301-JR-LA-02,581,2019,SENTENCIAS,TOTAL RESOLUCIONES FINALES EN 1RA INSTANCIA,SENTENCIA INFUNDADA,26/01/2026 13:20,CONTENCIOSO ADMINISTRATIVO,NULIDAD DE RESOLUCION ADMINISTRATIVA,Contencioso Administrativo,1,2do Juzgado de Trabajo,,,,,,,,,,,,,,,,,,,,,,,,,,,,,,,,,
00823-2016-0-2301-JR-LA-02,823,2016,SENTENCIAS,TOTAL RESOLUCIONES FINALES EN 1RA INSTANCIA,SENTENCIA INFUNDADA,16/01/2026 08:54,CONTENCIOSO ADMINISTRATIVO,NULIDAD DE RESOLUCION ADMINISTRATIVA,Contencioso Administrativo,1,2do Juzgado de Trabajo,,,,,,,,,,,,,,,,,,,,,,,,,,,,,,,,,
00136-2016-0-2301-JR-LA-02,136,2016,SENTENCIAS,TOTAL RESOLUCIONES FINALES EN 1RA INSTANCIA,SENTENCIA FUNDADA EN PARTE,23/01/2026 11:30,CONTENCIOSO ADMINISTRATIVO,NULIDAD DE RESOLUCION ADMINISTRATIVA,Contencioso Administrativo,1,2do Juzgado de Trabajo,,,,,,,,,,,,,,,,,,,,,,,,,,,,,,,,,
00769-2020-0-2301-JR-CI-01,769,2020,SENTENCIAS,TOTAL RESOLUCIONES FINALES EN 1RA INSTANCIA,SENTENCIA FUNDADA,12/01/2026 14:53,CONTENCIOSO ADMINISTRATIVO,NULIDAD DE RESOLUCION ADMINISTRATIVA,Contencioso Administrativo,1,2do Juzgado de Trabajo,,,,,,,,,,,,,,,,,,,,,,,,,,,,,,,,,
01055-2018-0-2301-JR-LA-02,1055,2018,SENTENCIAS,TOTAL RESOLUCIONES FINALES EN 1RA INSTANCIA,SENTENCIA FUNDADA,22/01/2026 09:17,ESPECIAL,NULIDAD DE RESOLUCION ADMINISTRATIVA,Contencioso Administrativo,1,2do Juzgado de Trabajo,,,,,,,,,,,,,,,,,,,,,,,,,,,,,,,,,
01557-2024-0-2301-JR-LA-01,1557,2024,SENTENCIAS,TOTAL RESOLUCIONES FINALES EN 1RA INSTANCIA,SENTENCIA FUNDADA,29/01/2026 12:09,ORDINARIO,REPOSICION,Contencioso Administrativo,1,4to Juzgado de Trabajo,,,,,,,,,,,,,,,,,,,,,,,,,,,,,,,,,
01552-2023-0-2301-JR-LA-02,1552,2023,SENTENCIAS,TOTAL RESOLUCIONES FINALES EN 1RA INSTANCIA,SENTENCIA INFUNDADA,29/01/2026 20:29,ORDINARIO,RESTABLECIMIENTO DEL DERECHO TUTELADO,Contencioso Administrativo,1,2do Juzgado de Trabajo,,,,,,,,,,,,,,,,,,,,,,,,,,,,,,,,,
01811-2025-0-2301-JR-LA-02,1811,2025,SENTENCIAS,TOTAL RESOLUCIONES FINALES EN 1RA INSTANCIA,SENTENCIA FUNDADA EN PARTE,29/01/2026 12:35,ORDINARIO,DECLARACIÓN DE NULIDAD DE ACTOS ADMINISTRATIVOS,Contencioso Administrativo,1,2do Juzgado de Trabajo,,,,,,,,,,,,,,,,,,,,,,,,,,,,,,,,,
01337-2024-0-2301-JR-LA-02,1337,2024,SENTENCIAS,TOTAL RESOLUCIONES FINALES EN 1RA INSTANCIA,SENTENCIA FUNDADA EN PARTE,14/01/2026 13:01,ORDINARIO,DECLARACIÓN DE NULIDAD DE ACTOS ADMINISTRATIVOS,Contencioso Administrativo,1,2do Juzgado de Trabajo,,,,,,,,,,,,,,,,,,,,,,,,,,,,,,,,,
00883-2023-0-2301-JR-LA-02,883,2023,SENTENCIAS,TOTAL RESOLUCIONES FINALES EN 1RA INSTANCIA,SENTENCIA IMPROCEDENTE,15/01/2026 13:29,ORDINARIO,DECLARACIÓN DE INEFICACIA DE ACTOS ADMINISTRATIVOS,Contencioso Administrativo,1,2do Juzgado de Trabajo,,,,,,,,,,,,,,,,,,,,,,,,,,,,,,,,,
01601-2025-0-2301-JR-LA-02,1601,2025,SENTENCIAS,TOTAL RESOLUCIONES FINALES EN 1RA INSTANCIA,SENTENCIA FUNDADA,29/01/2026 12:35,ORDINARIO,DECLARACIÓN DE NULIDAD DE ACTOS ADMINISTRATIVOS,Contencioso Administrativo,1,2do Juzgado de Trabajo,,,,,,,,,,,,,,,,,,,,,,,,,,,,,,,,,
01424-2024-0-2301-JR-LA-02,1424,2024,SENTENCIAS,TOTAL RESOLUCIONES FINALES EN 1RA INSTANCIA,SENTENCIA FUNDADA,27/01/2026 15:59,ORDINARIO,DECLARACIÓN DE NULIDAD DE ACTOS ADMINISTRATIVOS,Contencioso Administrativo,1,2do Juzgado de Trabajo,,,,,,,,,,,,,,,,,,,,,,,,,,,,,,,,,
01780-2025-0-2301-JR-LA-02,1780,2025,SENTENCIAS,TOTAL RESOLUCIONES FINALES EN 1RA INSTANCIA,SENTENCIA FUNDADA,28/01/2026 13:12,ORDINARIO,DECLARACIÓN DE NULIDAD DE ACTOS ADMINISTRATIVOS,Contencioso Administrativo,1,2do Juzgado de Trabajo,,,,,,,,,,,,,,,,,,,,,,,,,,,,,,,,,
01820-2025-0-2301-JR-LA-02,1820,2025,SENTENCIAS,TOTAL RESOLUCIONES FINALES EN 1RA INSTANCIA,SENTENCIA FUNDADA,28/01/2026 14:29,ORDINARIO,DECLARACIÓN DE NULIDAD DE ACTOS ADMINISTRATIVOS,Contencioso Administrativo,1,2do Juzgado de Trabajo,,,,,,,,,,,,,,,,,,,,,,,,,,,,,,,,,
01748-2023-0-2301-JR-LA-02,1748,2023,SENTENCIAS,TOTAL RESOLUCIONES FINALES EN 1RA INSTANCIA,SENTENCIA INFUNDADA,09/01/2026 13:16,ORDINARIO,DECLARACIÓN DE INEFICACIA DE ACTOS ADMINISTRATIVOS,Contencioso Administrativo,1,2do Juzgado de Trabajo,,,,,,,,,,,,,,,,,,,,,,,,,,,,,,,,,
01437-2024-0-2301-JR-LA-02,1437,2024,SENTENCIAS,TOTAL RESOLUCIONES FINALES EN 1RA INSTANCIA,SENTENCIA FUNDADA,06/01/2026 16:57,ORDINARIO,DECLARACIÓN DE NULIDAD DE ACTOS ADMINISTRATIVOS,Contencioso Administrativo,1,2do Juzgado de Trabajo,,,,,,,,,,,,,,,,,,,,,,,,,,,,,,,,,
01548-2023-0-2301-JR-LA-02,1548,2023,SENTENCIAS,TOTAL RESOLUCIONES FINALES EN 1RA INSTANCIA,SENTENCIA INFUNDADA,29/01/2026 20:30,ORDINARIO,DECLARACIÓN DE INEFICACIA DE ACTOS ADMINISTRATIVOS,Contencioso Administrativo,1,2do Juzgado de Trabajo,,,,,,,,,,,,,,,,,,,,,,,,,,,,,,,,,
01897-2025-0-2301-JR-LA-02,1897,2025,SENTENCIAS,TOTAL RESOLUCIONES FINALES EN 1RA INSTANCIA,SENTENCIA FUNDADA EN PARTE,30/01/2026 17:37,ORDINARIO,RECONOCIMIENTO DEL DERECHO TUTELADO,Contencioso Administrativo,1,2do Juzgado de Trabajo,,,,,,,,,,,,,,,,,,,,,,,,,,,,,,,,,
01582-2025-0-2301-JR-LA-02,1582,2025,SENTENCIAS,TOTAL RESOLUCIONES FINALES EN 1RA INSTANCIA,SENTENCIA FUNDADA,30/01/2026 17:48,ORDINARIO,DECLARACIÓN DE NULIDAD DE ACTOS ADMINISTRATIVOS,Contencioso Administrativo,1,2do Juzgado de Trabajo,,,,,,,,,,,,,,,,,,,,,,,,,,,,,,,,,
01661-2023-0-2301-JR-LA-02,1661,2023,SENTENCIAS,TOTAL RESOLUCIONES FINALES EN 1RA INSTANCIA,SENTENCIA INFUNDADA,28/01/2026 14:36,ORDINARIO,RESTABLECIMIENTO DEL DERECHO TUTELADO,Contencioso Administrativo,1,2do Juzgado de Trabajo,,,,,,,,,,,,,,,,,,,,,,,,,,,,,,,,,
01891-2025-0-2301-JR-LA-02,1891,2025,SENTENCIAS,TOTAL RESOLUCIONES FINALES EN 1RA INSTANCIA,SENTENCIA FUNDADA EN PARTE,30/01/2026 17:49,ORDINARIO,RECONOCIMIENTO DEL DERECHO TUTELADO,Contencioso Administrativo,1,2do Juzgado de Trabajo,,,,,,,,,,,,,,,,,,,,,,,,,,,,,,,,,
01911-2025-0-2301-JR-LA-02,1911,2025,SENTENCIAS,TOTAL RESOLUCIONES FINALES EN 1RA INSTANCIA,SENTENCIA FUNDADA EN PARTE,29/01/2026 12:37,ORDINARIO,DECLARACIÓN DE NULIDAD DE ACTOS ADMINISTRATIVOS,Contencioso Administrativo,1,2do Juzgado de Trabajo,,,,,,,,,,,,,,,,,,,,,,,,,,,,,,,,,
01731-2025-0-2301-JR-LA-02,1731,2025,SENTENCIAS,TOTAL RESOLUCIONES FINALES EN 1RA INSTANCIA,SENTENCIA IMPROCEDENTE,29/01/2026 15:27,ORDINARIO,RECONOCIMIENTO DEL DERECHO TUTELADO,Contencioso Administrativo,1,2do Juzgado de Trabajo,,,,,,,,,,,,,,,,,,,,,,,,,,,,,,,,,
01429-2024-0-2301-JR-LA-02,1429,2024,SENTENCIAS,TOTAL RESOLUCIONES FINALES EN 1RA INSTANCIA,SENTENCIA FUNDADA,12/01/2026 14:58,ORDINARIO,DECLARACIÓN DE NULIDAD DE ACTOS ADMINISTRATIVOS,Contencioso Administrativo,1,2do Juzgado de Trabajo,,,,,,,,,,,,,,,,,,,,,,,,,,,,,,,,,
01762-2025-0-2301-JR-LA-02,1762,2025,SENTENCIAS,TOTAL RESOLUCIONES FINALES EN 1RA INSTANCIA,SENTENCIA FUNDADA,28/01/2026 13:11,ORDINARIO,DECLARACIÓN DE NULIDAD DE ACTOS ADMINISTRATIVOS,Contencioso Administrativo,1,2do Juzgado de Trabajo,,,,,,,,,,,,,,,,,,,,,,,,,,,,,,,,,
01659-2025-0-2301-JR-LA-03,1659,2025,SENTENCIAS,TOTAL RESOLUCIONES FINALES EN 1RA INSTANCIA,SENTENCIA FUNDADA,28/01/2026 13:12,ORDINARIO,RECONOCIMIENTO DEL DERECHO TUTELADO,Contencioso Administrativo,1,2do Juzgado de Trabajo,,,,,,,,,,,,,,,,,,,,,,,,,,,,,,,,,
01826-2025-0-2301-JR-LA-02,1826,2025,SENTENCIAS,TOTAL RESOLUCIONES FINALES EN 1RA INSTANCIA,SENTENCIA IMPROCEDENTE,29/01/2026 08:58,ORDINARIO,DECLARACIÓN DE NULIDAD DE ACTOS ADMINISTRATIVOS,Contencioso Administrativo,1,2do Juzgado de Trabajo,,,,,,,,,,,,,,,,,,,,,,,,,,,,,,,,,
00061-2026-0-2301-JR-LA-02,61,2026,SENTENCIAS,TOTAL RESOLUCIONES FINALES EN 1RA INSTANCIA,SENTENCIA FUNDADA EN PARTE,30/01/2026 17:35,URGENTE,CUMPLIMIENTO DE ACTUACIONES DISPUESTA POR ACTO ADMINISTRATIVO,Contencioso Administrativo,1,2do Juzgado de Trabajo,,,,,,,,,,,,,,,,,,,,,,,,,,,,,,,,,
00573-2024-0-2301-JR-LA-02,573,2024,SENTENCIAS,TOTAL RESOLUCIONES FINALES EN 1RA INSTANCIA,SENTENCIA INFUNDADA,30/01/2026 17:39,ORDINARIO,DECLARACIÓN DE NULIDAD DE ACTOS ADMINISTRATIVOS,Contencioso Administrativo,1,2do Juzgado de Trabajo,,,,,,,,,,,,,,,,,,,,,,,,,,,,,,,,,
01568-2025-0-2301-JR-LA-01,1568,2025,SENTENCIAS,TOTAL RESOLUCIONES FINALES EN 1RA INSTANCIA,SENTENCIA FUNDADA,28/01/2026 14:29,ORDINARIO,DECLARACIÓN DE NULIDAD DE ACTOS ADMINISTRATIVOS,Contencioso Administrativo,1,2do Juzgado de Trabajo,,,,,,,,,,,,,,,,,,,,,,,,,,,,,,,,,
01387-2024-0-2301-JR-LA-02,1387,2024,SENTENCIAS,TOTAL RESOLUCIONES FINALES EN 1RA INSTANCIA,SENTENCIA FUNDADA EN PARTE,22/01/2026 16:31,ORDINARIO,DECLARACIÓN DE NULIDAD DE ACTOS ADMINISTRATIVOS,Contencioso Administrativo,1,2do Juzgado de Trabajo,,,,,,,,,,,,,,,,,,,,,,,,,,,,,,,,,
01877-2025-0-2301-JR-LA-02,1877,2025,SENTENCIAS,TOTAL RESOLUCIONES FINALES EN 1RA INSTANCIA,SENTENCIA FUNDADA,28/01/2026 13:12,ORDINARIO,DECLARACIÓN DE NULIDAD DE ACTOS ADMINISTRATIVOS,Contencioso Administrativo,1,2do Juzgado de Trabajo,,,,,,,,,,,,,,,,,,,,,,,,,,,,,,,,,
01261-2025-0-2301-JR-LA-02,1261,2025,SENTENCIAS,TOTAL RESOLUCIONES FINALES EN 1RA INSTANCIA,SENTENCIA IMPROCEDENTE,29/01/2026 08:53,ORDINARIO,DECLARACIÓN DE NULIDAD DE ACTOS ADMINISTRATIVOS,Contencioso Administrativo,1,2do Juzgado de Trabajo,,,,,,,,,,,,,,,,,,,,,,,,,,,,,,,,,
01415-2024-0-2301-JR-LA-02,1415,2024,SENTENCIAS,TOTAL RESOLUCIONES FINALES EN 1RA INSTANCIA,SENTENCIA FUNDADA,12/01/2026 14:56,ORDINARIO,DECLARACIÓN DE NULIDAD DE ACTOS ADMINISTRATIVOS,Contencioso Administrativo,1,2do Juzgado de Trabajo,,,,,,,,,,,,,,,,,,,,,,,,,,,,,,,,,
00344-2021-0-2301-JR-LA-03,344,2021,SENTENCIAS,TOTAL RESOLUCIONES FINALES EN 1RA INSTANCIA,SENTENCIA INFUNDADA,26/01/2026 17:22,ORDINARIO,DECLARACIÓN DE INEFICACIA DE ACTOS ADMINISTRATIVOS,Contencioso Administrativo,1,2do Juzgado de Trabajo,,,,,,,,,,,,,,,,,,,,,,,,,,,,,,,,,
01496-2025-0-2301-JR-LA-01,1496,2025,SENTENCIAS,TOTAL RESOLUCIONES FINALES EN 1RA INSTANCIA,SENTENCIA FUNDADA,29/01/2026 15:28,ORDINARIO,RECONOCIMIENTO DEL DERECHO TUTELADO,Contencioso Administrativo,1,2do Juzgado de Trabajo,,,,,,,,,,,,,,,,,,,,,,,,,,,,,,,,,
01858-2025-0-2301-JR-LA-02,1858,2025,SENTENCIAS,TOTAL RESOLUCIONES FINALES EN 1RA INSTANCIA,SENTENCIA FUNDADA,29/01/2026 12:37,ORDINARIO,DECLARACIÓN DE NULIDAD DE ACTOS ADMINISTRATIVOS,Contencioso Administrativo,1,2do Juzgado de Trabajo,,,,,,,,,,,,,,,,,,,,,,,,,,,,,,,,,
01417-2024-0-2301-JR-LA-02,1417,2024,SENTENCIAS,TOTAL RESOLUCIONES FINALES EN 1RA INSTANCIA,SENTENCIA FUNDADA,12/01/2026 17:56,ORDINARIO,DECLARACIÓN DE NULIDAD DE ACTOS ADMINISTRATIVOS,Contencioso Administrativo,1,2do Juzgado de Trabajo,,,,,,,,,,,,,,,,,,,,,,,,,,,,,,,,,
01904-2025-0-2301-JR-LA-02,1904,2025,SENTENCIAS,TOTAL RESOLUCIONES FINALES EN 1RA INSTANCIA,SENTENCIA FUNDADA,27/01/2026 15:56,URGENTE,CUMPLIMIENTO DE ACTUACIONES DISPUESTA POR ACTO ADMINISTRATIVO,Contencioso Administrativo,1,2do Juzgado de Trabajo,,,,,,,,,,,,,,,,,,,,,,,,,,,,,,,,,
01822-2025-0-2301-JR-LA-02,1822,2025,SENTENCIAS,TOTAL RESOLUCIONES FINALES EN 1RA INSTANCIA,SENTENCIA INFUNDADA,29/01/2026 21:00,URGENTE,CUMPLIMIENTO DE ACTUACIONES DISPUESTA POR ACTO ADMINISTRATIVO,Contencioso Administrativo,1,2do Juzgado de Trabajo,,,,,,,,,,,,,,,,,,,,,,,,,,,,,,,,,
00492-2024-0-2301-JR-LA-01,492,2024,SENTENCIAS,TOTAL RESOLUCIONES FINALES EN 1RA INSTANCIA,SENTENCIA FUNDADA EN PARTE,29/01/2026 20:27,URGENTE,CUMPLIMIENTO DE ACTUACIONES DISPUESTA POR LEY,Contencioso Administrativo,1,2do Juzgado de Trabajo,,,,,,,,,,,,,,,,,,,,,,,,,,,,,,,,,
01860-2025-0-2301-JR-LA-02,1860,2025,SENTENCIAS,TOTAL RESOLUCIONES FINALES EN 1RA INSTANCIA,SENTENCIA FUNDADA,29/01/2026 12:38,ORDINARIO,DECLARACIÓN DE NULIDAD DE ACTOS ADMINISTRATIVOS,Contencioso Administrativo,1,2do Juzgado de Trabajo,,,,,,,,,,,,,,,,,,,,,,,,,,,,,,,,,
01895-2025-0-2301-JR-LA-02,1895,2025,SENTENCIAS,TOTAL RESOLUCIONES FINALES EN 1RA INSTANCIA,SENTENCIA FUNDADA EN PARTE,30/01/2026 17:34,ORDINARIO,RECONOCIMIENTO DEL DERECHO TUTELADO,Contencioso Administrativo,1,2do Juzgado de Trabajo,,,,,,,,,,,,,,,,,,,,,,,,,,,,,,,,,
01700-2024-0-2301-JR-LA-02,1700,2024,SENTENCIAS,TOTAL RESOLUCIONES FINALES EN 1RA INSTANCIA,SENTENCIA FUNDADA,30/01/2026 17:50,ORDINARIO,DECLARACIÓN DE NULIDAD DE ACTOS ADMINISTRATIVOS,Contencioso Administrativo,1,2do Juzgado de Trabajo,,,,,,,,,,,,,,,,,,,,,,,,,,,,,,,,,
01865-2025-0-2301-JR-LA-03,1865,2025,SENTENCIAS,TOTAL RESOLUCIONES FINALES EN 1RA INSTANCIA,SENTENCIA FUNDADA,29/01/2026 20:58,ORDINARIO,RECONOCIMIENTO DEL DERECHO TUTELADO,Contencioso Administrativo,1,2do Juzgado de Trabajo,,,,,,,,,,,,,,,,,,,,,,,,,,,,,,,,,
01837-2025-0-2301-JR-LA-02,1837,2025,SENTENCIAS,TOTAL RESOLUCIONES FINALES EN 1RA INSTANCIA,SENTENCIA FUNDADA,30/01/2026 17:35,ORDINARIO,RECONOCIMIENTO DEL DERECHO TUTELADO,Contencioso Administrativo,1,2do Juzgado de Trabajo,,,,,,,,,,,,,,,,,,,,,,,,,,,,,,,,,
02135-2023-0-2301-JR-LA-02,2135,2023,SENTENCIAS,TOTAL RESOLUCIONES FINALES EN 1RA INSTANCIA,SENTENCIA INFUNDADA,15/01/2026 13:28,ORDINARIO,DECLARACIÓN DE INEFICACIA DE ACTOS ADMINISTRATIVOS,Contencioso Administrativo,1,2do Juzgado de Trabajo,,,,,,,,,,,,,,,,,,,,,,,,,,,,,,,,,
00873-2024-0-2301-JR-LA-01,873,2024,SENTENCIAS,TOTAL RESOLUCIONES FINALES EN 1RA INSTANCIA,SENTENCIA FUNDADA,27/01/2026 15:59,ORDINARIO,DECLARACIÓN DE INEFICACIA DE ACTOS ADMINISTRATIVOS,Contencioso Administrativo,1,2do Juzgado de Trabajo,,,,,,,,,,,,,,,,,,,,,,,,,,,,,,,,,
01046-2025-0-2301-JR-LA-02,1046,2025,SENTENCIAS,TOTAL RESOLUCIONES FINALES EN 1RA INSTANCIA,SENTENCIA FUNDADA,28/01/2026 08:19,ORDINARIO,DECLARACIÓN DE NULIDAD DE ACTOS ADMINISTRATIVOS,Contencioso Administrativo,1,2do Juzgado de Trabajo,,,,,,,,,,,,,,,,,,,,,,,,,,,,,,,,,
00046-2026-0-2301-JR-LA-02,46,2026,SENTENCIAS,TOTAL RESOLUCIONES FINALES EN 1RA INSTANCIA,SENTENCIA IMPROCEDENTE,27/01/2026 15:55,URGENTE,CUMPLIMIENTO DE ACTUACIONES DISPUESTA POR ACTO ADMINISTRATIVO,Contencioso Administrativo,1,2do Juzgado de Trabajo,,,,,,,,,,,,,,,,,,,,,,,,,,,,,,,,,
01199-2025-0-2301-JR-LA-02,1199,2025,SENTENCIAS,TOTAL RESOLUCIONES FINALES EN 1RA INSTANCIA,SENTENCIA FUNDADA,30/01/2026 17:34,ORDINARIO,CUMPLIMIENTO DE ACTUACIONES DISPUESTA POR ACTO ADMINISTRATIVO,Contencioso Administrativo,1,2do Juzgado de Trabajo,,,,,,,,,,,,,,,,,,,,,,,,,,,,,,,,,
00746-2024-0-2301-JR-LA-02,746,2024,SENTENCIAS,TOTAL RESOLUCIONES FINALES EN 1RA INSTANCIA,SENTENCIA INFUNDADA,15/01/2026 13:27,ORDINARIO,DECLARACIÓN DE INEFICACIA DE ACTOS ADMINISTRATIVOS,Contencioso Administrativo,1,2do Juzgado de Trabajo,,,,,,,,,,,,,,,,,,,,,,,,,,,,,,,,,
00896-2025-0-2301-JR-LA-02,896,2025,SENTENCIAS,TOTAL RESOLUCIONES FINALES EN 1RA INSTANCIA,SENTENCIA FUNDADA,28/01/2026 08:20,ORDINARIO,CUMPLIMIENTO DE ACTUACIONES DISPUESTA POR ACTO ADMINISTRATIVO,Contencioso Administrativo,1,2do Juzgado de Trabajo,,,,,,,,,,,,,,,,,,,,,,,,,,,,,,,,,
01908-2025-0-2301-JR-LA-02,1908,2025,SENTENCIAS,TOTAL RESOLUCIONES FINALES EN 1RA INSTANCIA,SENTENCIA FUNDADA,29/01/2026 15:29,ORDINARIO,RECONOCIMIENTO DEL DERECHO TUTELADO,Contencioso Administrativo,1,2do Juzgado de Trabajo,,,,,,,,,,,,,,,,,,,,,,,,,,,,,,,,,
01653-2025-0-2301-JR-LA-02,1653,2025,SENTENCIAS,TOTAL RESOLUCIONES FINALES EN 1RA INSTANCIA,SENTENCIA INFUNDADA,29/01/2026 20:57,ORDINARIO,CUMPLIMIENTO DE ACTUACIONES DISPUESTA POR LEY,Contencioso Administrativo,1,2do Juzgado de Trabajo,,,,,,,,,,,,,,,,,,,,,,,,,,,,,,,,,
01893-2025-0-2301-JR-LA-02,1893,2025,SENTENCIAS,TOTAL RESOLUCIONES FINALES EN 1RA INSTANCIA,SENTENCIA FUNDADA EN PARTE,30/01/2026 17:34,ORDINARIO,RECONOCIMIENTO DEL DERECHO TUTELADO,Contencioso Administrativo,1,2do Juzgado de Trabajo,,,,,,,,,,,,,,,,,,,,,,,,,,,,,,,,,
01697-2025-0-2301-JR-LA-02,1697,2025,SENTENCIAS,TOTAL RESOLUCIONES FINALES EN 1RA INSTANCIA,SENTENCIA FUNDADA,28/01/2026 14:29,ORDINARIO,RECONOCIMIENTO DEL DERECHO TUTELADO,Contencioso Administrativo,1,2do Juzgado de Trabajo,,,,,,,,,,,,,,,,,,,,,,,,,,,,,,,,,
00680-2024-0-2301-JR-LA-02,680,2024,SENTENCIAS,TOTAL RESOLUCIONES FINALES EN 1RA INSTANCIA,SENTENCIA INFUNDADA,27/01/2026 16:00,ORDINARIO,DECLARACIÓN DE INEFICACIA DE ACTOS ADMINISTRATIVOS,Contencioso Administrativo,1,2do Juzgado de Trabajo,,,,,,,,,,,,,,,,,,,,,,,,,,,,,,,,,
01672-2023-0-2301-JR-LA-02,1672,2023,SENTENCIAS,TOTAL RESOLUCIONES FINALES EN 1RA INSTANCIA,SENTENCIA INFUNDADA,29/01/2026 08:33,ORDINARIO,DECLARACIÓN DE INEFICACIA DE ACTOS ADMINISTRATIVOS,Contencioso Administrativo,1,2do Juzgado de Trabajo,,,,,,,,,,,,,,,,,,,,,,,,,,,,,,,,,
01814-2025-0-2301-JR-LA-02,1814,2025,SENTENCIAS,TOTAL RESOLUCIONES FINALES EN 1RA INSTANCIA,SENTENCIA FUNDADA EN PARTE,30/01/2026 17:36,ORDINARIO,RECONOCIMIENTO DEL DERECHO TUTELADO,Contencioso Administrativo,1,2do Juzgado de Trabajo,,,,,,,,,,,,,,,,,,,,,,,,,,,,,,,,,
01784-2025-0-2301-JR-LA-02,1784,2025,SENTENCIAS,TOTAL RESOLUCIONES FINALES EN 1RA INSTANCIA,SENTENCIA FUNDADA,29/01/2026 11:32,ORDINARIO,RESTABLECIMIENTO DEL DERECHO TUTELADO,Previsional,1,2do Juzgado de Trabajo,,,,,,,,,,,,,,,,,,,,,,,,,,,,,,,,,
01850-2025-0-2301-JR-LA-01,1850,2025,SENTENCIAS,TOTAL RESOLUCIONES FINALES EN 1RA INSTANCIA,SENTENCIA FUNDADA,28/01/2026 13:16,ORDINARIO,RESTABLECIMIENTO DEL DERECHO TUTELADO,Previsional,1,2do Juzgado de Trabajo,,,,,,,,,,,,,,,,,,,,,,,,,,,,,,,,,
01754-2025-0-2301-JR-LA-02,1754,2025,SENTENCIAS,TOTAL RESOLUCIONES FINALES EN 1RA INSTANCIA,SENTENCIA FUNDADA,29/01/2026 11:34,ORDINARIO,DECLARACIÓN DE NULIDAD DE ACTOS ADMINISTRATIVOS,Previsional,1,2do Juzgado de Trabajo,,,,,,,,,,,,,,,,,,,,,,,,,,,,,,,,,
01295-2024-0-2301-JR-LA-01,1295,2024,SENTENCIAS,TOTAL RESOLUCIONES FINALES EN 1RA INSTANCIA,SENTENCIA FUNDADA,12/01/2026 14:55,ORDINARIO,DECLARACIÓN DE NULIDAD DE ACTOS ADMINISTRATIVOS,Previsional,1,2do Juzgado de Trabajo,,,,,,,,,,,,,,,,,,,,,,,,,,,,,,,,,
01156-2024-0-2301-JR-LA-01,1156,2024,SENTENCIAS,TOTAL RESOLUCIONES FINALES EN 1RA INSTANCIA,SENTENCIA FUNDADA,06/01/2026 16:56,ORDINARIO,DECLARACIÓN DE NULIDAD DE ACTOS ADMINISTRATIVOS,Previsional,1,2do Juzgado de Trabajo,,,,,,,,,,,,,,,,,,,,,,,,,,,,,,,,,
01584-2025-0-2301-JR-LA-02,1584,2025,SENTENCIAS,TOTAL RESOLUCIONES FINALES EN 1RA INSTANCIA,SENTENCIA FUNDADA,29/01/2026 11:32,ORDINARIO,RESTABLECIMIENTO DEL DERECHO TUTELADO,Previsional,1,2do Juzgado de Trabajo,,,,,,,,,,,,,,,,,,,,,,,,,,,,,,,,,
01744-2025-0-2301-JR-LA-02,1744,2025,SENTENCIAS,TOTAL RESOLUCIONES FINALES EN 1RA INSTANCIA,SENTENCIA FUNDADA,29/01/2026 11:33,ORDINARIO,RESTABLECIMIENTO DEL DERECHO TUTELADO,Previsional,1,2do Juzgado de Trabajo,,,,,,,,,,,,,,,,,,,,,,,,,,,,,,,,,
01863-2025-0-2301-JR-LA-02,1863,2025,SENTENCIAS,TOTAL RESOLUCIONES FINALES EN 1RA INSTANCIA,SENTENCIA FUNDADA,28/01/2026 13:17,ORDINARIO,DECLARACIÓN DE NULIDAD DE ACTOS ADMINISTRATIVOS,Previsional,1,2do Juzgado de Trabajo,,,,,,,,,,,,,,,,,,,,,,,,,,,,,,,,,
01751-2025-0-2301-JR-LA-04,1751,2025,SENTENCIAS,TOTAL RESOLUCIONES FINALES EN 1RA INSTANCIA,SENTENCIA INFUNDADA,30/01/2026 16:19,ORDINARIO,CUMPLIMIENTO DE ACTUACIONES DISPUESTA POR ACTO ADMINISTRATIVO,Contencioso Administrativo,1,4to Juzgado de Trabajo,,,,,,,,,,,,,,,,,,,,,,,,,,,,,,,,,
01442-2025-0-2301-JR-LA-01,1442,2025,SENTENCIAS,TOTAL RESOLUCIONES FINALES EN 1RA INSTANCIA,SENTENCIA FUNDADA,07/01/2026 16:27,ORDINARIO,RECONOCIMIENTO DEL DERECHO TUTELADO,Contencioso Administrativo,1,4to Juzgado de Trabajo,,,,,,,,,,,,,,,,,,,,,,,,,,,,,,,,,
01256-2025-0-2301-JR-LA-04,1256,2025,SENTENCIAS,TOTAL RESOLUCIONES FINALES EN 1RA INSTANCIA,SENTENCIA IMPROCEDENTE,29/01/2026 19:57,ORDINARIO,DECLARACIÓN DE NULIDAD DE ACTOS ADMINISTRATIVOS,Contencioso Administrativo,1,4to Juzgado de Trabajo,,,,,,,,,,,,,,,,,,,,,,,,,,,,,,,,,
01455-2025-0-2301-JR-LA-04,1455,2025,SENTENCIAS,TOTAL RESOLUCIONES FINALES EN 1RA INSTANCIA,SENTENCIA FUNDADA EN PARTE,30/01/2026 16:21,ORDINARIO,DECLARACIÓN DE NULIDAD DE ACTOS ADMINISTRATIVOS,Contencioso Administrativo,1,4to Juzgado de Trabajo,,,,,,,,,,,,,,,,,,,,,,,,,,,,,,,,,
01615-2025-0-2301-JR-LA-04,1615,2025,SENTENCIAS,TOTAL RESOLUCIONES FINALES EN 1RA INSTANCIA,SENTENCIA FUNDADA EN PARTE,26/01/2026 16:40,ORDINARIO,DECLARACIÓN DE NULIDAD DE ACTOS ADMINISTRATIVOS,Contencioso Administrativo,1,4to Juzgado de Trabajo,,,,,,,,,,,,,,,,,,,,,,,,,,,,,,,,,
01619-2025-0-2301-JR-LA-04,1619,2025,SENTENCIAS,TOTAL RESOLUCIONES FINALES EN 1RA INSTANCIA,SENTENCIA FUNDADA,07/01/2026 16:27,ORDINARIO,DECLARACIÓN DE NULIDAD DE ACTOS ADMINISTRATIVOS,Contencioso Administrativo,1,4to Juzgado de Trabajo,,,,,,,,,,,,,,,,,,,,,,,,,,,,,,,,,
01498-2025-0-2301-JR-LA-01,1498,2025,SENTENCIAS,TOTAL RESOLUCIONES FINALES EN 1RA INSTANCIA,SENTENCIA FUNDADA EN PARTE,12/01/2026 16:31,ORDINARIO,RECONOCIMIENTO DEL DERECHO TUTELADO,Contencioso Administrativo,1,4to Juzgado de Trabajo,,,,,,,,,,,,,,,,,,,,,,,,,,,,,,,,,
01890-2025-0-2301-JR-LA-04,1890,2025,SENTENCIAS,TOTAL RESOLUCIONES FINALES EN 1RA INSTANCIA,SENTENCIA FUNDADA EN PARTE,30/01/2026 16:20,ORDINARIO,RECONOCIMIENTO DEL DERECHO TUTELADO,Contencioso Administrativo,1,4to Juzgado de Trabajo,,,,,,,,,,,,,,,,,,,,,,,,,,,,,,,,,
01609-2025-0-2301-JR-LA-04,1609,2025,SENTENCIAS,TOTAL RESOLUCIONES FINALES EN 1RA INSTANCIA,SENTENCIA FUNDADA EN PARTE,15/01/2026 16:25,ORDINARIO,RECONOCIMIENTO DEL DERECHO TUTELADO,Contencioso Administrativo,1,4to Juzgado de Trabajo,,,,,,,,,,,,,,,,,,,,,,,,,,,,,,,,,
01722-2025-0-2301-JR-LA-04,1722,2025,SENTENCIAS,TOTAL RESOLUCIONES FINALES EN 1RA INSTANCIA,SENTENCIA FUNDADA,09/01/2026 17:49,ORDINARIO,RECONOCIMIENTO DEL DERECHO TUTELADO,Contencioso Administrativo,1,4to Juzgado de Trabajo,,,,,,,,,,,,,,,,,,,,,,,,,,,,,,,,,
01668-2025-0-2301-JR-LA-04,1668,2025,SENTENCIAS,TOTAL RESOLUCIONES FINALES EN 1RA INSTANCIA,SENTENCIA INFUNDADA,29/01/2026 11:22,ORDINARIO,CUMPLIMIENTO DE ACTUACIONES DISPUESTA POR ACTO ADMINISTRATIVO,Contencioso Administrativo,1,4to Juzgado de Trabajo,,,,,,,,,,,,,,,,,,,,,,,,,,,,,,,,,
01174-2025-0-2301-JR-LA-03,1174,2025,SENTENCIAS,TOTAL RESOLUCIONES FINALES EN 1RA INSTANCIA,SENTENCIA FUNDADA EN PARTE,30/01/2026 16:20,ORDINARIO,RESTABLECIMIENTO DEL DERECHO TUTELADO,Contencioso Administrativo,1,4to Juzgado de Trabajo,,,,,,,,,,,,,,,,,,,,,,,,,,,,,,,,,
01903-2025-0-2301-JR-LA-04,1903,2025,SENTENCIAS,TOTAL RESOLUCIONES FINALES EN 1RA INSTANCIA,SENTENCIA FUNDADA,13/01/2026 15:54,URGENTE,CUMPLIMIENTO DE ACTUACIONES DISPUESTA POR ACTO ADMINISTRATIVO,Contencioso Administrativo,1,4to Juzgado de Trabajo,,,,,,,,,,,,,,,,,,,,,,,,,,,,,,,,,
01191-2025-0-2301-JR-LA-04,1191,2025,SENTENCIAS,TOTAL RESOLUCIONES FINALES EN 1RA INSTANCIA,SENTENCIA FUNDADA EN PARTE,20/01/2026 16:37,ORDINARIO,RESTABLECIMIENTO DEL DERECHO TUTELADO,Contencioso Administrativo,1,4to Juzgado de Trabajo,,,,,,,,,,,,,,,,,,,,,,,,,,,,,,,,,
01696-2025-0-2301-JR-LA-04,1696,2025,SENTENCIAS,TOTAL RESOLUCIONES FINALES EN 1RA INSTANCIA,SENTENCIA FUNDADA,26/01/2026 16:41,ORDINARIO,RECONOCIMIENTO DEL DERECHO TUTELADO,Contencioso Administrativo,1,4to Juzgado de Trabajo,,,,,,,,,,,,,,,,,,,,,,,,,,,,,,,,,
01654-2025-0-2301-JR-LA-04,1654,2025,SENTENCIAS,TOTAL RESOLUCIONES FINALES EN 1RA INSTANCIA,SENTENCIA FUNDADA EN PARTE,26/01/2026 16:41,ORDINARIO,DECLARACIÓN DE NULIDAD DE ACTOS ADMINISTRATIVOS,Contencioso Administrativo,1,4to Juzgado de Trabajo,,,,,,,,,,,,,,,,,,,,,,,,,,,,,,,,,
00698-2025-0-2301-JR-LA-04,698,2025,SENTENCIAS,TOTAL RESOLUCIONES FINALES EN 1RA INSTANCIA,SENTENCIA FUNDADA,27/01/2026 15:39,ORDINARIO,DECLARACIÓN DE NULIDAD DE ACTOS ADMINISTRATIVOS,Contencioso Administrativo,1,4to Juzgado de Trabajo,,,,,,,,,,,,,,,,,,,,,,,,,,,,,,,,,
01605-2025-0-2301-JR-LA-04,1605,2025,SENTENCIAS,TOTAL RESOLUCIONES FINALES EN 1RA INSTANCIA,SENTENCIA FUNDADA EN PARTE,29/01/2026 17:57,ORDINARIO,DECLARACIÓN DE NULIDAD DE ACTOS ADMINISTRATIVOS,Contencioso Administrativo,1,4to Juzgado de Trabajo,,,,,,,,,,,,,,,,,,,,,,,,,,,,,,,,,
01730-2025-0-2301-JR-LA-04,1730,2025,SENTENCIAS,TOTAL RESOLUCIONES FINALES EN 1RA INSTANCIA,SENTENCIA INFUNDADA,29/01/2026 12:55,URGENTE,CUMPLIMIENTO DE ACTUACIONES DISPUESTA POR ACTO ADMINISTRATIVO,Contencioso Administrativo,1,4to Juzgado de Trabajo,,,,,,,,,,,,,,,,,,,,,,,,,,,,,,,,,
01657-2025-0-2301-JR-LA-03,1657,2025,SENTENCIAS,TOTAL RESOLUCIONES FINALES EN 1RA INSTANCIA,SENTENCIA FUNDADA,16/01/2026 16:06,ORDINARIO,RECONOCIMIENTO DEL DERECHO TUTELADO,Contencioso Administrativo,1,4to Juzgado de Trabajo,,,,,,,,,,,,,,,,,,,,,,,,,,,,,,,,,
01398-2025-0-2301-JR-LA-04,1398,2025,SENTENCIAS,TOTAL RESOLUCIONES FINALES EN 1RA INSTANCIA,SENTENCIA IMPROCEDENTE,20/01/2026 16:37,ORDINARIO,DECLARACIÓN DE NULIDAD DE ACTOS ADMINISTRATIVOS,Contencioso Administrativo,1,4to Juzgado de Trabajo,,,,,,,,,,,,,,,,,,,,,,,,,,,,,,,,,
01743-2025-0-2301-JR-LA-04,1743,2025,SENTENCIAS,TOTAL RESOLUCIONES FINALES EN 1RA INSTANCIA,SENTENCIA FUNDADA EN PARTE,16/01/2026 11:34,ORDINARIO,DECLARACIÓN DE NULIDAD DE ACTOS ADMINISTRATIVOS,Contencioso Administrativo,1,4to Juzgado de Trabajo,,,,,,,,,,,,,,,,,,,,,,,,,,,,,,,,,
01685-2025-0-2301-JR-LA-04,1685,2025,SENTENCIAS,TOTAL RESOLUCIONES FINALES EN 1RA INSTANCIA,SENTENCIA FUNDADA EN PARTE,29/01/2026 14:51,ORDINARIO,RECONOCIMIENTO DEL DERECHO TUTELADO,Contencioso Administrativo,1,4to Juzgado de Trabajo,,,,,,,,,,,,,,,,,,,,,,,,,,,,,,,,,
01836-2025-0-2301-JR-LA-04,1836,2025,SENTENCIAS,TOTAL RESOLUCIONES FINALES EN 1RA INSTANCIA,SENTENCIA FUNDADA EN PARTE,30/01/2026 16:19,ORDINARIO,RECONOCIMIENTO DEL DERECHO TUTELADO,Contencioso Administrativo,1,4to Juzgado de Trabajo,,,,,,,,,,,,,,,,,,,,,,,,,,,,,,,,,
01898-2025-0-2301-JR-LA-04,1898,2025,SENTENCIAS,TOTAL RESOLUCIONES FINALES EN 1RA INSTANCIA,SENTENCIA FUNDADA EN PARTE,23/01/2026 17:26,ORDINARIO,DECLARACIÓN DE NULIDAD DE ACTOS ADMINISTRATIVOS,Contencioso Administrativo,1,4to Juzgado de Trabajo,,,,,,,,,,,,,,,,,,,,,,,,,,,,,,,,,
01859-2025-0-2301-JR-LA-04,1859,2025,SENTENCIAS,TOTAL RESOLUCIONES FINALES EN 1RA INSTANCIA,SENTENCIA FUNDADA,23/01/2026 17:27,ORDINARIO,DECLARACIÓN DE NULIDAD DE ACTOS ADMINISTRATIVOS,Contencioso Administrativo,1,4to Juzgado de Trabajo,,,,,,,,,,,,,,,,,,,,,,,,,,,,,,,,,
01726-2025-0-2301-JR-LA-04,1726,2025,SENTENCIAS,TOTAL RESOLUCIONES FINALES EN 1RA INSTANCIA,SENTENCIA FUNDADA,30/01/2026 10:09,ORDINARIO,CUMPLIMIENTO DE ACTUACIONES DISPUESTA POR ACTO ADMINISTRATIVO,Contencioso Administrativo,1,4to Juzgado de Trabajo,,,,,,,,,,,,,,,,,,,,,,,,,,,,,,,,,
01901-2025-0-2301-JR-LA-04,1901,2025,SENTENCIAS,TOTAL RESOLUCIONES FINALES EN 1RA INSTANCIA,SENTENCIA IMPROCEDENTE,23/01/2026 17:27,ORDINARIO,DECLARACIÓN DE NULIDAD DE ACTOS ADMINISTRATIVOS,Contencioso Administrativo,1,4to Juzgado de Trabajo,,,,,,,,,,,,,,,,,,,,,,,,,,,,,,,,,
01827-2025-0-2301-JR-LA-04,1827,2025,SENTENCIAS,TOTAL RESOLUCIONES FINALES EN 1RA INSTANCIA,SENTENCIA FUNDADA EN PARTE,16/01/2026 11:33,ORDINARIO,RECONOCIMIENTO DEL DERECHO TUTELADO,Contencioso Administrativo,1,4to Juzgado de Trabajo,,,,,,,,,,,,,,,,,,,,,,,,,,,,,,,,,
01775-2025-0-2301-JR-LA-04,1775,2025,SENTENCIAS,TOTAL RESOLUCIONES FINALES EN 1RA INSTANCIA,SENTENCIA INFUNDADA,29/01/2026 11:22,ORDINARIO,DECLARACIÓN DE NULIDAD DE ACTOS ADMINISTRATIVOS,Contencioso Administrativo,1,4to Juzgado de Trabajo,,,,,,,,,,,,,,,,,,,,,,,,,,,,,,,,,
01856-2025-0-2301-JR-LA-04,1856,2025,SENTENCIAS,TOTAL RESOLUCIONES FINALES EN 1RA INSTANCIA,SENTENCIA FUNDADA,13/01/2026 15:55,URGENTE,CUMPLIMIENTO DE ACTUACIONES DISPUESTA POR ACTO ADMINISTRATIVO,Contencioso Administrativo,1,4to Juzgado de Trabajo,,,,,,,,,,,,,,,,,,,,,,,,,,,,,,,,,
01035-2025-0-2301-JR-LA-04,1035,2025,SENTENCIAS,TOTAL RESOLUCIONES FINALES EN 1RA INSTANCIA,SENTENCIA FUNDADA EN PARTE,15/01/2026 08:14,ORDINARIO,RECONOCIMIENTO DEL DERECHO TUTELADO,Contencioso Administrativo,1,4to Juzgado de Trabajo,,,,,,,,,,,,,,,,,,,,,,,,,,,,,,,,,
01769-2025-0-2301-JR-LA-04,1769,2025,SENTENCIAS,TOTAL RESOLUCIONES FINALES EN 1RA INSTANCIA,SENTENCIA FUNDADA EN PARTE,30/01/2026 16:20,ORDINARIO,DECLARACIÓN DE NULIDAD DE ACTOS ADMINISTRATIVOS,Contencioso Administrativo,1,4to Juzgado de Trabajo,,,,,,,,,,,,,,,,,,,,,,,,,,,,,,,,,
01524-2025-0-2301-JR-LA-03,1524,2025,SENTENCIAS,TOTAL RESOLUCIONES FINALES EN 1RA INSTANCIA,SENTENCIA FUNDADA,29/01/2026 19:57,ORDINARIO,DECLARACIÓN DE NULIDAD DE ACTOS ADMINISTRATIVOS,Contencioso Administrativo,1,4to Juzgado de Trabajo,,,,,,,,,,,,,,,,,,,,,,,,,,,,,,,,,
01925-2025-0-2301-JR-LA-04,1925,2025,SENTENCIAS,TOTAL RESOLUCIONES FINALES EN 1RA INSTANCIA,SENTENCIA FUNDADA,22/01/2026 16:25,URGENTE,CUMPLIMIENTO DE ACTUACIONES DISPUESTA POR LEY,Contencioso Administrativo,1,4to Juzgado de Trabajo,,,,,,,,,,,,,,,,,,,,,,,,,,,,,,,,,
01567-2025-0-2301-JR-LA-03,1567,2025,SENTENCIAS,TOTAL RESOLUCIONES FINALES EN 1RA INSTANCIA,SENTENCIA FUNDADA,16/01/2026 11:35,ORDINARIO,RECONOCIMIENTO DEL DERECHO TUTELADO,Contencioso Administrativo,1,4to Juzgado de Trabajo,,,,,,,,,,,,,,,,,,,,,,,,,,,,,,,,,
00047-2026-0-2301-JR-LA-04,47,2026,SENTENCIAS,TOTAL RESOLUCIONES FINALES EN 1RA INSTANCIA,SENTENCIA FUNDADA,29/01/2026 11:23,ORDINARIO,DECLARACIÓN DE NULIDAD DE ACTOS ADMINISTRATIVOS,Contencioso Administrativo,1,4to Juzgado de Trabajo,,,,,,,,,,,,,,,,,,,,,,,,,,,,,,,,,
01589-2025-0-2301-JR-LA-04,1589,2025,SENTENCIAS,TOTAL RESOLUCIONES FINALES EN 1RA INSTANCIA,SENTENCIA FUNDADA,16/01/2026 16:06,ORDINARIO,RECONOCIMIENTO DEL DERECHO TUTELADO,Contencioso Administrativo,1,4to Juzgado de Trabajo,,,,,,,,,,,,,,,,,,,,,,,,,,,,,,,,,
01641-2025-0-2301-JR-LA-04,1641,2025,SENTENCIAS,TOTAL RESOLUCIONES FINALES EN 1RA INSTANCIA,SENTENCIA FUNDADA,29/01/2026 17:57,ORDINARIO,DECLARACIÓN DE NULIDAD DE ACTOS ADMINISTRATIVOS,Contencioso Administrativo,1,4to Juzgado de Trabajo,,,,,,,,,,,,,,,,,,,,,,,,,,,,,,,,,
01293-2024-0-2301-JR-LA-01,1293,2024,SENTENCIAS,TOTAL RESOLUCIONES FINALES EN 1RA INSTANCIA,SENTENCIA FUNDADA,13/01/2026 17:32,ORDINARIO,DECLARACIÓN DE NULIDAD DE ACTOS ADMINISTRATIVOS,Contencioso Administrativo,1,4to Juzgado de Trabajo,,,,,,,,,,,,,,,,,,,,,,,,,,,,,,,,,
01702-2025-0-2301-JR-LA-04,1702,2025,SENTENCIAS,TOTAL RESOLUCIONES FINALES EN 1RA INSTANCIA,SENTENCIA INFUNDADA,28/01/2026 15:36,URGENTE,CUMPLIMIENTO DE ACTUACIONES DISPUESTA POR ACTO ADMINISTRATIVO,Contencioso Administrativo,1,4to Juzgado de Trabajo,,,,,,,,,,,,,,,,,,,,,,,,,,,,,,,,,
00039-2026-0-2301-JR-LA-04,39,2026,SENTENCIAS,TOTAL RESOLUCIONES FINALES EN 1RA INSTANCIA,SENTENCIA INFUNDADA,29/01/2026 12:54,URGENTE,CUMPLIMIENTO DE ACTUACIONES DISPUESTA POR ACTO ADMINISTRATIVO,Contencioso Administrativo,1,4to Juzgado de Trabajo,,,,,,,,,,,,,,,,,,,,,,,,,,,,,,,,,
01813-2025-0-2301-JR-LA-04,1813,2025,SENTENCIAS,TOTAL RESOLUCIONES FINALES EN 1RA INSTANCIA,SENTENCIA FUNDADA,30/01/2026 16:19,ORDINARIO,RECONOCIMIENTO DEL DERECHO TUTELADO,Contencioso Administrativo,1,4to Juzgado de Trabajo,,,,,,,,,,,,,,,,,,,,,,,,,,,,,,,,,
01624-2025-0-2301-JR-LA-04,1624,2025,SENTENCIAS,TOTAL RESOLUCIONES FINALES EN 1RA INSTANCIA,SENTENCIA FUNDADA EN PARTE,30/01/2026 16:41,ORDINARIO,DECLARACIÓN DE NULIDAD DE ACTOS ADMINISTRATIVOS,Contencioso Administrativo,1,4to Juzgado de Trabajo,,,,,,,,,,,,,,,,,,,,,,,,,,,,,,,,,
00022-2026-0-2301-JR-LA-04,22,2026,SENTENCIAS,TOTAL RESOLUCIONES FINALES EN 1RA INSTANCIA,SENTENCIA FUNDADA,21/01/2026 15:47,URGENTE,CUMPLIMIENTO DE ACTUACIONES DISPUESTA POR ACTO ADMINISTRATIVO,Contencioso Administrativo,1,4to Juzgado de Trabajo,,,,,,,,,,,,,,,,,,,,,,,,,,,,,,,,,
00226-2025-0-2301-JR-LA-04,226,2025,SENTENCIAS,TOTAL RESOLUCIONES FINALES EN 1RA INSTANCIA,SENTENCIA FUNDADA,29/01/2026 15:48,ORDINARIO,RECONOCIMIENTO DEL DERECHO TUTELADO,Contencioso Administrativo,1,4to Juzgado de Trabajo,,,,,,,,,,,,,,,,,,,,,,,,,,,,,,,,,
01636-2025-0-2301-JR-LA-04,1636,2025,SENTENCIAS,TOTAL RESOLUCIONES FINALES EN 1RA INSTANCIA,SENTENCIA INFUNDADA,26/01/2026 16:36,ORDINARIO,DECLARACIÓN DE NULIDAD DE ACTOS ADMINISTRATIVOS,Contencioso Administrativo,1,4to Juzgado de Trabajo,,,,,,,,,,,,,,,,,,,,,,,,,,,,,,,,,
01757-2025-0-2301-JR-LA-04,1757,2025,SENTENCIAS,TOTAL RESOLUCIONES FINALES EN 1RA INSTANCIA,SENTENCIA INFUNDADA,29/01/2026 12:02,URGENTE,CUMPLIMIENTO DE ACTUACIONES DISPUESTA POR ACTO ADMINISTRATIVO,Contencioso Administrativo,1,4to Juzgado de Trabajo,,,,,,,,,,,,,,,,,,,,,,,,,,,,,,,,,
01277-2025-0-2301-JR-LA-04,1277,2025,SENTENCIAS,TOTAL RESOLUCIONES FINALES EN 1RA INSTANCIA,SENTENCIA FUNDADA EN PARTE,15/01/2026 16:25,ORDINARIO,RECONOCIMIENTO DEL DERECHO TUTELADO,Contencioso Administrativo,1,4to Juzgado de Trabajo,,,,,,,,,,,,,,,,,,,,,,,,,,,,,,,,,
00045-2026-0-2301-JR-LA-04,45,2026,SENTENCIAS,TOTAL RESOLUCIONES FINALES EN 1RA INSTANCIA,SENTENCIA INFUNDADA,29/01/2026 12:55,URGENTE,CUMPLIMIENTO DE ACTUACIONES DISPUESTA POR ACTO ADMINISTRATIVO,Contencioso Administrativo,1,4to Juzgado de Trabajo,,,,,,,,,,,,,,,,,,,,,,,,,,,,,,,,,
01892-2025-0-2301-JR-LA-04,1892,2025,SENTENCIAS,TOTAL RESOLUCIONES FINALES EN 1RA INSTANCIA,SENTENCIA FUNDADA EN PARTE,30/01/2026 16:20,ORDINARIO,RECONOCIMIENTO DEL DERECHO TUTELADO,Contencioso Administrativo,1,4to Juzgado de Trabajo,,,,,,,,,,,,,,,,,,,,,,,,,,,,,,,,,
01602-2025-0-2301-JR-LA-04,1602,2025,SENTENCIAS,TOTAL RESOLUCIONES FINALES EN 1RA INSTANCIA,SENTENCIA FUNDADA EN PARTE,29/01/2026 17:56,ORDINARIO,DECLARACIÓN DE NULIDAD DE ACTOS ADMINISTRATIVOS,Contencioso Administrativo,1,4to Juzgado de Trabajo,,,,,,,,,,,,,,,,,,,,,,,,,,,,,,,,,
01181-2025-0-2301-JR-LA-04,1181,2025,SENTENCIAS,TOTAL RESOLUCIONES FINALES EN 1RA INSTANCIA,SENTENCIA INFUNDADA,29/01/2026 12:08,ORDINARIO,DECLARACIÓN DE NULIDAD DE ACTOS ADMINISTRATIVOS,Contencioso Administrativo,1,4to Juzgado de Trabajo,,,,,,,,,,,,,,,,,,,,,,,,,,,,,,,,,
01740-2025-0-2301-JR-LA-04,1740,2025,SENTENCIAS,TOTAL RESOLUCIONES FINALES EN 1RA INSTANCIA,SENTENCIA FUNDADA EN PARTE,16/01/2026 11:34,ORDINARIO,DECLARACIÓN DE NULIDAD DE ACTOS ADMINISTRATIVOS,Contencioso Administrativo,1,4to Juzgado de Trabajo,,,,,,,,,,,,,,,,,,,,,,,,,,,,,,,,,
01314-2025-0-2301-JR-LA-04,1314,2025,SENTENCIAS,TOTAL RESOLUCIONES FINALES EN 1RA INSTANCIA,SENTENCIA FUNDADA,27/01/2026 18:13,ORDINARIO,DECLARACIÓN DE NULIDAD DE ACTOS ADMINISTRATIVOS,Contencioso Administrativo,1,4to Juzgado de Trabajo,,,,,,,,,,,,,,,,,,,,,,,,,,,,,,,,,
01921-2025-0-2301-JR-LA-04,1921,2025,SENTENCIAS,TOTAL RESOLUCIONES FINALES EN 1RA INSTANCIA,SENTENCIA FUNDADA,29/01/2026 11:22,ORDINARIO,DECLARACIÓN DE NULIDAD DE ACTOS ADMINISTRATIVOS,Contencioso Administrativo,1,4to Juzgado de Trabajo,,,,,,,,,,,,,,,,,,,,,,,,,,,,,,,,,
01912-2025-0-2301-JR-LA-04,1912,2025,SENTENCIAS,TOTAL RESOLUCIONES FINALES EN 1RA INSTANCIA,SENTENCIA FUNDADA EN PARTE,23/01/2026 18:03,ORDINARIO,DECLARACIÓN DE NULIDAD DE ACTOS ADMINISTRATIVOS,Contencioso Administrativo,1,4to Juzgado de Trabajo,,,,,,,,,,,,,,,,,,,,,,,,,,,,,,,,,
00020-2026-0-2301-JR-LA-04,20,2026,SENTENCIAS,TOTAL RESOLUCIONES FINALES EN 1RA INSTANCIA,SENTENCIA FUNDADA,22/01/2026 16:25,URGENTE,CUMPLIMIENTO DE ACTUACIONES DISPUESTA POR ACTO ADMINISTRATIVO,Contencioso Administrativo,1,4to Juzgado de Trabajo,,,,,,,,,,,,,,,,,,,,,,,,,,,,,,,,,
01204-2025-0-2301-JR-LA-04,1204,2025,SENTENCIAS,TOTAL RESOLUCIONES FINALES EN 1RA INSTANCIA,SENTENCIA INFUNDADA,16/01/2026 16:05,ORDINARIO,DECLARACIÓN DE NULIDAD DE ACTOS ADMINISTRATIVOS,Contencioso Administrativo,1,4to Juzgado de Trabajo,,,,,,,,,,,,,,,,,,,,,,,,,,,,,,,,,
01631-2025-0-2301-JR-LA-04,1631,2025,SENTENCIAS,TOTAL RESOLUCIONES FINALES EN 1RA INSTANCIA,SENTENCIA INFUNDADA,26/01/2026 16:37,ORDINARIO,DECLARACIÓN DE NULIDAD DE ACTOS ADMINISTRATIVOS,Contencioso Administrativo,1,4to Juzgado de Trabajo,,,,,,,,,,,,,,,,,,,,,,,,,,,,,,,,,
01673-2025-0-2301-JR-LA-04,1673,2025,SENTENCIAS,TOTAL RESOLUCIONES FINALES EN 1RA INSTANCIA,SENTENCIA FUNDADA,16/01/2026 11:34,ORDINARIO,RECONOCIMIENTO DEL DERECHO TUTELADO,Contencioso Administrativo,1,4to Juzgado de Trabajo,,,,,,,,,,,,,,,,,,,,,,,,,,,,,,,,,
00093-2025-0-2301-JR-LA-04,93,2025,SENTENCIAS,TOTAL RESOLUCIONES FINALES EN 1RA INSTANCIA,SENTENCIA FUNDADA,27/01/2026 15:38,ORDINARIO,DECLARACIÓN DE INEFICACIA DE ACTOS ADMINISTRATIVOS,Contencioso Administrativo,1,4to Juzgado de Trabajo,,,,,,,,,,,,,,,,,,,,,,,,,,,,,,,,,
01763-2025-0-2301-JR-LA-04,1763,2025,SENTENCIAS,TOTAL RESOLUCIONES FINALES EN 1RA INSTANCIA,SENTENCIA FUNDADA,16/01/2026 16:06,ORDINARIO,DECLARACIÓN DE NULIDAD DE ACTOS ADMINISTRATIVOS,Contencioso Administrativo,1,4to Juzgado de Trabajo,,,,,,,,,,,,,,,,,,,,,,,,,,,,,,,,,
01821-2025-0-2301-JR-LA-04,1821,2025,SENTENCIAS,TOTAL RESOLUCIONES FINALES EN 1RA INSTANCIA,SENTENCIA FUNDADA EN PARTE,16/01/2026 16:06,ORDINARIO,DECLARACIÓN DE NULIDAD DE ACTOS ADMINISTRATIVOS,Contencioso Administrativo,1,4to Juzgado de Trabajo,,,,,,,,,,,,,,,,,,,,,,,,,,,,,,,,,
01555-2025-0-2301-JR-LA-04,1555,2025,SENTENCIAS,TOTAL RESOLUCIONES FINALES EN 1RA INSTANCIA,SENTENCIA FUNDADA,29/01/2026 17:57,ORDINARIO,DECLARACIÓN DE NULIDAD DE ACTOS ADMINISTRATIVOS,Contencioso Administrativo,1,4to Juzgado de Trabajo,,,,,,,,,,,,,,,,,,,,,,,,,,,,,,,,,
01700-2025-0-2301-JR-LA-04,1700,2025,SENTENCIAS,TOTAL RESOLUCIONES FINALES EN 1RA INSTANCIA,SENTENCIA FUNDADA,12/01/2026 16:30,URGENTE,CUMPLIMIENTO DE ACTUACIONES DISPUESTA POR ACTO ADMINISTRATIVO,Contencioso Administrativo,1,4to Juzgado de Trabajo,,,,,,,,,,,,,,,,,,,,,,,,,,,,,,,,,
01335-2025-0-2301-JR-LA-04,1335,2025,SENTENCIAS,TOTAL RESOLUCIONES FINALES EN 1RA INSTANCIA,SENTENCIA IMPROCEDENTE,20/01/2026 16:38,ORDINARIO,DECLARACIÓN DE NULIDAD DE ACTOS ADMINISTRATIVOS,Contencioso Administrativo,1,4to Juzgado de Trabajo,,,,,,,,,,,,,,,,,,,,,,,,,,,,,,,,,
01704-2025-0-2301-JR-LA-04,1704,2025,SENTENCIAS,TOTAL RESOLUCIONES FINALES EN 1RA INSTANCIA,SENTENCIA INFUNDADA,29/01/2026 11:22,ORDINARIO,CUMPLIMIENTO DE ACTUACIONES DISPUESTA POR ACTO ADMINISTRATIVO,Contencioso Administrativo,1,4to Juzgado de Trabajo,,,,,,,,,,,,,,,,,,,,,,,,,,,,,,,,,
01878-2025-0-2301-JR-LA-04,1878,2025,SENTENCIAS,TOTAL RESOLUCIONES FINALES EN 1RA INSTANCIA,SENTENCIA FUNDADA,29/01/2026 09:52,ORDINARIO,DECLARACIÓN DE NULIDAD DE ACTOS ADMINISTRATIVOS,Contencioso Administrativo,1,4to Juzgado de Trabajo,,,,,,,,,,,,,,,,,,,,,,,,,,,,,,,,,
01656-2025-0-2301-JR-LA-01,1656,2025,SENTENCIAS,TOTAL RESOLUCIONES FINALES EN 1RA INSTANCIA,SENTENCIA FUNDADA,21/01/2026 15:47,URGENTE,CUMPLIMIENTO DE ACTUACIONES DISPUESTA POR ACTO ADMINISTRATIVO,Contencioso Administrativo,1,4to Juzgado de Trabajo,,,,,,,,,,,,,,,,,,,,,,,,,,,,,,,,,
01716-2025-0-2301-JR-LA-03,1716,2025,SENTENCIAS,TOTAL RESOLUCIONES FINALES EN 1RA INSTANCIA,SENTENCIA FUNDADA,26/01/2026 16:33,ORDINARIO,RESTABLECIMIENTO DEL DERECHO TUTELADO,Previsional,1,4to Juzgado de Trabajo,,,,,,,,,,,,,,,,,,,,,,,,,,,,,,,,,
01714-2025-0-2301-JR-LA-04,1714,2025,SENTENCIAS,TOTAL RESOLUCIONES FINALES EN 1RA INSTANCIA,SENTENCIA FUNDADA,15/01/2026 16:36,ORDINARIO,DECLARACIÓN DE NULIDAD DE ACTOS ADMINISTRATIVOS,Previsional,1,4to Juzgado de Trabajo,,,,,,,,,,,,,,,,,,,,,,,,,,,,,,,,,
01854-2025-0-2301-JR-LA-04,1854,2025,SENTENCIAS,TOTAL RESOLUCIONES FINALES EN 1RA INSTANCIA,SENTENCIA FUNDADA,15/01/2026 16:51,ORDINARIO,DECLARACIÓN DE NULIDAD DE ACTOS ADMINISTRATIVOS,Previsional,1,4to Juzgado de Trabajo,,,,,,,,,,,,,,,,,,,,,,,,,,,,,,,,,
01817-2025-0-2301-JR-LA-04,1817,2025,SENTENCIAS,TOTAL RESOLUCIONES FINALES EN 1RA INSTANCIA,SENTENCIA FUNDADA,15/01/2026 16:36,ORDINARIO,RESTABLECIMIENTO DEL DERECHO TUTELADO,Previsional,1,4to Juzgado de Trabajo,,,,,,,,,,,,,,,,,,,,,,,,,,,,,,,,,
01861-2025-0-2301-JR-LA-04,1861,2025,SENTENCIAS,TOTAL RESOLUCIONES FINALES EN 1RA INSTANCIA,SENTENCIA FUNDADA,26/01/2026 16:33,ORDINARIO,RESTABLECIMIENTO DEL DERECHO TUTELADO,Previsional,1,4to Juzgado de Trabajo,,,,,,,,,,,,,,,,,,,,,,,,,,,,,,,,,
01782-2025-0-2301-JR-LA-04,1782,2025,SENTENCIAS,TOTAL RESOLUCIONES FINALES EN 1RA INSTANCIA,SENTENCIA FUNDADA,26/01/2026 16:43,ORDINARIO,RESTABLECIMIENTO DEL DERECHO TUTELADO,Previsional,1,4to Juzgado de Trabajo,,,,,,,,,,,,,,,,,,,,,,,,,,,,,,,,,
01660-2025-0-2301-JR-LA-01,1660,2025,SENTENCIAS,TOTAL RESOLUCIONES FINALES EN 1RA INSTANCIA,SENTENCIA FUNDADA,15/01/2026 16:35,ORDINARIO,RESTABLECIMIENTO DEL DERECHO TUTELADO,Previsional,1,4to Juzgado de Trabajo,,,,,,,,,,,,,,,,,,,,,,,,,,,,,,,,,
01712-2025-0-2301-JR-LA-04,1712,2025,SENTENCIAS,TOTAL RESOLUCIONES FINALES EN 1RA INSTANCIA,SENTENCIA FUNDADA,15/01/2026 16:37,ORDINARIO,DECLARACIÓN DE NULIDAD DE ACTOS ADMINISTRATIVOS,Previsional,1,4to Juzgado de Trabajo,,,,,,,,,,,,,,,,,,,,,,,,,,,,,,,,,
01905-2025-0-2301-JR-LA-04,1905,2025,SENTENCIAS,TOTAL RESOLUCIONES FINALES EN 1RA INSTANCIA,SENTENCIA FUNDADA,26/01/2026 16:33,ORDINARIO,DECLARACIÓN DE NULIDAD DE ACTOS ADMINISTRATIVOS,Previsional,1,4to Juzgado de Trabajo,,,,,,,,,,,,,,,,,,,,,,,,,,,,,,,,,
01747-2025-0-2301-JR-LA-04,1747,2025,SENTENCIAS,TOTAL RESOLUCIONES FINALES EN 1RA INSTANCIA,SENTENCIA FUNDADA,15/01/2026 16:36,ORDINARIO,RESTABLECIMIENTO DEL DERECHO TUTELADO,Previsional,1,4to Juzgado de Trabajo,,,,,,,,,,,,,,,,,,,,,,,,,,,,,,,,,
