x_formato,n_num_exp,n_anio_exp,var_des,var_des_det,x_desc_acto_procesal,f_registro,x_proceso,x_materia,Columna1,l_tipo_juzgado_exp,Columna2
02090-2023-0-2301-JR-LA-02,2090,2023,SENTENCIAS,TOTAL RESOLUCIONES FINALES EN 1RA INSTANCIA,SENTENCIA FUNDADA EN PARTE,01/04/2026 13:03,ORDINARIO,ACCION CONTENCIOSA ADMINISTRATIVA,Contencioso Administrativo,4,2do Juzgado de Trabajo
01009-2021-0-2301-JR-LA-01,1009,2021,SENTENCIAS,TOTAL RESOLUCIONES FINALES EN 1RA INSTANCIA,SENTENCIA FUNDADA,27/04/2026 15:33,ESPECIAL,ACCION CONTENCIOSA ADMINISTRATIVA,Contencioso Administrativo,4,2do Juzgado de Trabajo
01430-2023-0-2301-JR-LA-02,1430,2023,SENTENCIAS,TOTAL RESOLUCIONES FINALES EN 1RA INSTANCIA,SENTENCIA FUNDADA EN PARTE,14/04/2026 11:11,ORDINARIO,ACCION CONTENCIOSA ADMINISTRATIVA,Contencioso Administrativo,4,2do Juzgado de Trabajo
01706-2023-0-2301-JR-LA-02,1706,2023,SENTENCIAS,TOTAL RESOLUCIONES FINALES EN 1RA INSTANCIA,SENTENCIA INFUNDADA,01/04/2026 10:59,ORDINARIO,ACCION CONTENCIOSA ADMINISTRATIVA,Contencioso Administrativo,4,2do Juzgado de Trabajo
00889-2023-0-2301-JR-LA-02,889,2023,SENTENCIAS,TOTAL RESOLUCIONES FINALES EN 1RA INSTANCIA,SENTENCIA IMPROCEDENTE,14/04/2026 11:25,ORDINARIO,ACCION CONTENCIOSA ADMINISTRATIVA,Contencioso Administrativo,4,2do Juzgado de Trabajo
02025-2015-0-2301-JR-CI-03,2025,2015,SENTENCIAS,TOTAL RESOLUCIONES FINALES EN 1RA INSTANCIA,SENTENCIA INFUNDADA,23/04/2026 15:47,CONTENCIOSO ADMINISTRATIVO,ACCION CONTENCIOSA ADMINISTRATIVA,Contencioso Administrativo,4,2do Juzgado de Trabajo
00255-2025-0-2301-JR-CI-03,255,2025,SENTENCIAS,TOTAL RESOLUCIONES FINALES EN 1RA INSTANCIA,SENTENCIA IMPROCEDENTE,22/04/2026 16:49,ORDINARIO,ACCION CONTENCIOSA ADMINISTRATIVA,Contencioso Administrativo,4,4to Juzgado de Trabajo
01523-2024-0-2301-JR-LA-03,1523,2024,SENTENCIAS,TOTAL RESOLUCIONES FINALES EN 1RA INSTANCIA,SENTENCIA FUNDADA EN PARTE,24/04/2026 16:44,ORDINARIO,ACCION CONTENCIOSA ADMINISTRATIVA,Contencioso Administrativo,4,4to Juzgado de Trabajo
00637-2021-0-2301-JR-LA-03,637,2021,SENTENCIAS,TOTAL RESOLUCIONES FINALES EN 1RA INSTANCIA,SENTENCIA FUNDADA EN PARTE,15/04/2026 17:08,CONTENCIOSO ADMINISTRATIVO,ACCION CONTENCIOSA ADMINISTRATIVA,Contencioso Administrativo,4,4to Juzgado de Trabajo
00212-2024-0-2301-JR-LA-02,212,2024,SENTENCIAS,TOTAL RESOLUCIONES FINALES EN 1RA INSTANCIA,SENTENCIA FUNDADA EN PARTE,01/04/2026 13:06,URGENTE,CESE DE ACTUACION MATERIAL,Contencioso Administrativo,4,2do Juzgado de Trabajo
00101-2026-0-2301-JR-LA-04,101,2026,SENTENCIAS,TOTAL RESOLUCIONES FINALES EN 1RA INSTANCIA,SENTENCIA INFUNDADA,23/04/2026 12:40,ORDINARIO,CESE DE ACTUACION MATERIAL,Contencioso Administrativo,4,4to Juzgado de Trabajo
00988-2024-0-2301-JR-CI-02,988,2024,SENTENCIAS,TOTAL RESOLUCIONES FINALES EN 1RA INSTANCIA,SENTENCIA FUNDADA EN PARTE,14/04/2026 10:38,ORDINARIO,NULIDAD DE RESOLUCION ADMINISTRATIVA,Contencioso Administrativo,4,2do Juzgado de Trabajo
00622-2018-0-2301-JR-LA-02,622,2018,SENTENCIAS,TOTAL RESOLUCIONES FINALES EN 1RA INSTANCIA,SENTENCIA INFUNDADA,07/04/2026 09:01,CONTENCIOSO ADMINISTRATIVO,NULIDAD DE RESOLUCION ADMINISTRATIVA,Contencioso Administrativo,4,2do Juzgado de Trabajo
00442-2021-0-2301-JR-LA-01,442,2021,SENTENCIAS,TOTAL RESOLUCIONES FINALES EN 1RA INSTANCIA,SENTENCIA FUNDADA EN PARTE,14/04/2026 10:44,ESPECIAL,NULIDAD DE RESOLUCION ADMINISTRATIVA,Contencioso Administrativo,4,2do Juzgado de Trabajo
00850-2022-0-2301-JR-LA-02,850,2022,SENTENCIAS,TOTAL RESOLUCIONES FINALES EN 1RA INSTANCIA,SENTENCIA FUNDADA EN PARTE,16/04/2026 09:38,CONTENCIOSO ADMINISTRATIVO,NULIDAD DE RESOLUCION ADMINISTRATIVA,Contencioso Administrativo,4,2do Juzgado de Trabajo
00005-2023-0-2301-JR-CI-02,5,2023,SENTENCIAS,TOTAL RESOLUCIONES FINALES EN 1RA INSTANCIA,SENTENCIA INFUNDADA,10/04/2026 09:04,CONTENCIOSO ADMINISTRATIVO,NULIDAD DE RESOLUCION ADMINISTRATIVA,Contencioso Administrativo,4,2do Juzgado de Trabajo
02041-2022-0-2301-JR-CI-02,2041,2022,SENTENCIAS,TOTAL RESOLUCIONES FINALES EN 1RA INSTANCIA,SENTENCIA FUNDADA,15/04/2026 17:06,CONTENCIOSO ADMINISTRATIVO,NULIDAD DE RESOLUCION ADMINISTRATIVA,Contencioso Administrativo,4,4to Juzgado de Trabajo
01060-2025-0-2301-JR-LA-01,1060,2025,SENTENCIAS,TOTAL RESOLUCIONES FINALES EN 1RA INSTANCIA,SENTENCIA FUNDADA EN PARTE,17/04/2026 16:51,ORDINARIO,PAGO DE BENEFICIOS SOCIALES Y/O INDEMNIZACION U OTROS BENEFICIOS ECONOMICOS,Contencioso Administrativo,4,4to Juzgado de Trabajo
01577-2024-0-2301-JR-LA-03,1577,2024,SENTENCIAS,TOTAL RESOLUCIONES FINALES EN 1RA INSTANCIA,SENTENCIA IMPROCEDENTE,17/04/2026 15:50,ORDINARIO,REPOSICION,Contencioso Administrativo,4,4to Juzgado de Trabajo
01849-2024-0-2301-JR-LA-03,1849,2024,SENTENCIAS,TOTAL RESOLUCIONES FINALES EN 1RA INSTANCIA,SENTENCIA FUNDADA,17/04/2026 15:51,ORDINARIO,REPOSICION,Contencioso Administrativo,4,4to Juzgado de Trabajo
00223-2026-0-2301-JR-LA-02,223,2026,SENTENCIAS,TOTAL RESOLUCIONES FINALES EN 1RA INSTANCIA,SENTENCIA FUNDADA EN PARTE,17/04/2026 16:45,ORDINARIO,RECONOCIMIENTO DEL DERECHO TUTELADO,Contencioso Administrativo,4,2do Juzgado de Trabajo
00289-2026-0-2301-JR-LA-03,289,2026,SENTENCIAS,TOTAL RESOLUCIONES FINALES EN 1RA INSTANCIA,SENTENCIA INFUNDADA,30/04/2026 07:50,URGENTE,CUMPLIMIENTO DE ACTUACIONES DISPUESTA POR ACTO ADMINISTRATIVO,Contencioso Administrativo,4,2do Juzgado de Trabajo
01184-2025-0-2301-JR-LA-01,1184,2025,SENTENCIAS,TOTAL RESOLUCIONES FINALES EN 1RA INSTANCIA,SENTENCIA INFUNDADA,28/04/2026 09:31,ORDINARIO,RECONOCIMIENTO DEL DERECHO TUTELADO,Contencioso Administrativo,4,2do Juzgado de Trabajo
00014-2026-0-2301-JR-LA-02,14,2026,SENTENCIAS,TOTAL RESOLUCIONES FINALES EN 1RA INSTANCIA,SENTENCIA INFUNDADA,21/04/2026 08:18,ORDINARIO,RECONOCIMIENTO DEL DERECHO TUTELADO,Contencioso Administrativo,4,2do Juzgado de Trabajo
01086-2024-0-2301-JR-LA-02,1086,2024,SENTENCIAS,TOTAL RESOLUCIONES FINALES EN 1RA INSTANCIA,SENTENCIA FUNDADA,01/04/2026 13:01,ORDINARIO,DECLARACIÓN DE NULIDAD DE ACTOS ADMINISTRATIVOS,Contencioso Administrativo,4,2do Juzgado de Trabajo
01709-2025-0-2301-JR-LA-02,1709,2025,SENTENCIAS,TOTAL RESOLUCIONES FINALES EN 1RA INSTANCIA,SENTENCIA FUNDADA,24/04/2026 16:33,ORDINARIO,DECLARACIÓN DE NULIDAD DE ACTOS ADMINISTRATIVOS,Contencioso Administrativo,4,2do Juzgado de Trabajo
01692-2024-0-2301-JR-LA-02,1692,2024,SENTENCIAS,TOTAL RESOLUCIONES FINALES EN 1RA INSTANCIA,SENTENCIA FUNDADA,17/04/2026 16:51,ORDINARIO,DECLARACIÓN DE NULIDAD DE ACTOS ADMINISTRATIVOS,Contencioso Administrativo,4,2do Juzgado de Trabajo
01922-2025-0-2301-JR-LA-02,1922,2025,SENTENCIAS,TOTAL RESOLUCIONES FINALES EN 1RA INSTANCIA,SENTENCIA INFUNDADA,16/04/2026 08:18,ORDINARIO,DECLARACIÓN DE NULIDAD DE ACTOS ADMINISTRATIVOS,Contencioso Administrativo,4,2do Juzgado de Trabajo
00419-2026-0-2301-JR-LA-02,419,2026,SENTENCIAS,TOTAL RESOLUCIONES FINALES EN 1RA INSTANCIA,SENTENCIA FUNDADA,29/04/2026 12:31,ORDINARIO,RECONOCIMIENTO DEL DERECHO TUTELADO,Contencioso Administrativo,4,2do Juzgado de Trabajo
00277-2026-0-2301-JR-LA-02,277,2026,SENTENCIAS,TOTAL RESOLUCIONES FINALES EN 1RA INSTANCIA,SENTENCIA FUNDADA,17/04/2026 16:49,ORDINARIO,DECLARACIÓN DE NULIDAD DE ACTOS ADMINISTRATIVOS,Contencioso Administrativo,4,2do Juzgado de Trabajo
00368-2026-0-2301-JR-LA-02,368,2026,SENTENCIAS,TOTAL RESOLUCIONES FINALES EN 1RA INSTANCIA,SENTENCIA FUNDADA,17/04/2026 16:50,ORDINARIO,RECONOCIMIENTO DEL DERECHO TUTELADO,Contencioso Administrativo,4,2do Juzgado de Trabajo
00002-2026-0-2301-JR-LA-02,2,2026,SENTENCIAS,TOTAL RESOLUCIONES FINALES EN 1RA INSTANCIA,SENTENCIA INFUNDADA,21/04/2026 08:08,ORDINARIO,DECLARACIÓN DE NULIDAD DE ACTOS ADMINISTRATIVOS,Contencioso Administrativo,4,2do Juzgado de Trabajo
00021-2026-0-2301-JR-LA-02,21,2026,SENTENCIAS,TOTAL RESOLUCIONES FINALES EN 1RA INSTANCIA,SENTENCIA FUNDADA,22/04/2026 09:02,ORDINARIO,RECONOCIMIENTO DEL DERECHO TUTELADO,Contencioso Administrativo,4,2do Juzgado de Trabajo
01562-2023-0-2301-JR-LA-02,1562,2023,SENTENCIAS,TOTAL RESOLUCIONES FINALES EN 1RA INSTANCIA,SENTENCIA INFUNDADA,13/04/2026 11:44,ORDINARIO,DECLARACIÓN DE INEFICACIA DE ACTOS ADMINISTRATIVOS,Contencioso Administrativo,4,2do Juzgado de Trabajo
00119-2026-0-2301-JR-LA-02,119,2026,SENTENCIAS,TOTAL RESOLUCIONES FINALES EN 1RA INSTANCIA,SENTENCIA INFUNDADA,21/04/2026 08:19,ORDINARIO,DECLARACIÓN DE NULIDAD DE ACTOS ADMINISTRATIVOS,Contencioso Administrativo,4,2do Juzgado de Trabajo
01161-2025-0-2301-JR-LA-02,1161,2025,SENTENCIAS,TOTAL RESOLUCIONES FINALES EN 1RA INSTANCIA,SENTENCIA FUNDADA EN PARTE,24/04/2026 08:27,ORDINARIO,DECLARACIÓN DE NULIDAD DE ACTOS ADMINISTRATIVOS,Contencioso Administrativo,4,2do Juzgado de Trabajo
00190-2026-0-2301-JR-LA-02,190,2026,SENTENCIAS,TOTAL RESOLUCIONES FINALES EN 1RA INSTANCIA,SENTENCIA IMPROCEDENTE,24/04/2026 16:32,ORDINARIO,RECONOCIMIENTO DEL DERECHO TUTELADO,Contencioso Administrativo,4,2do Juzgado de Trabajo
00255-2026-0-2301-JR-LA-02,255,2026,SENTENCIAS,TOTAL RESOLUCIONES FINALES EN 1RA INSTANCIA,SENTENCIA FUNDADA,17/04/2026 16:48,ORDINARIO,DECLARACIÓN DE NULIDAD DE ACTOS ADMINISTRATIVOS,Contencioso Administrativo,4,2do Juzgado de Trabajo
00237-2026-0-2301-JR-LA-02,237,2026,SENTENCIAS,TOTAL RESOLUCIONES FINALES EN 1RA INSTANCIA,SENTENCIA FUNDADA,17/04/2026 16:47,ORDINARIO,DECLARACIÓN DE NULIDAD DE ACTOS ADMINISTRATIVOS,Contencioso Administrativo,4,2do Juzgado de Trabajo
00807-2024-0-2301-JR-LA-02,807,2024,SENTENCIAS,TOTAL RESOLUCIONES FINALES EN 1RA INSTANCIA,SENTENCIA FUNDADA,27/04/2026 15:32,URGENTE,CUMPLIMIENTO DE ACTUACIONES DISPUESTA POR LEY,Contencioso Administrativo,4,2do Juzgado de Trabajo
00241-2026-0-2301-JR-LA-02,241,2026,SENTENCIAS,TOTAL RESOLUCIONES FINALES EN 1RA INSTANCIA,SENTENCIA INFUNDADA,21/04/2026 08:07,ORDINARIO,DECLARACIÓN DE NULIDAD DE ACTOS ADMINISTRATIVOS,Contencioso Administrativo,4,2do Juzgado de Trabajo
01458-2025-0-2301-JR-LA-02,1458,2025,SENTENCIAS,TOTAL RESOLUCIONES FINALES EN 1RA INSTANCIA,SENTENCIA FUNDADA EN PARTE,22/04/2026 09:01,ORDINARIO,DECLARACIÓN DE NULIDAD DE ACTOS ADMINISTRATIVOS,Contencioso Administrativo,4,2do Juzgado de Trabajo
00476-2024-0-2301-JR-LA-03,476,2024,SENTENCIAS,TOTAL RESOLUCIONES FINALES EN 1RA INSTANCIA,SENTENCIA FUNDADA EN PARTE,07/04/2026 12:35,ORDINARIO,DECLARACIÓN DE INEFICACIA DE ACTOS ADMINISTRATIVOS,Contencioso Administrativo,4,2do Juzgado de Trabajo
00225-2026-0-2301-JR-LA-02,225,2026,SENTENCIAS,TOTAL RESOLUCIONES FINALES EN 1RA INSTANCIA,SENTENCIA FUNDADA,17/04/2026 16:45,ORDINARIO,CUMPLIMIENTO DE ACTUACIONES DISPUESTA POR ACTO ADMINISTRATIVO,Contencioso Administrativo,4,2do Juzgado de Trabajo
00400-2026-0-2301-JR-LA-02,400,2026,SENTENCIAS,TOTAL RESOLUCIONES FINALES EN 1RA INSTANCIA,SENTENCIA FUNDADA,29/04/2026 12:29,ORDINARIO,DECLARACIÓN DE NULIDAD DE ACTOS ADMINISTRATIVOS,Contencioso Administrativo,4,2do Juzgado de Trabajo
01672-2025-0-2301-JR-LA-02,1672,2025,SENTENCIAS,TOTAL RESOLUCIONES FINALES EN 1RA INSTANCIA,SENTENCIA FUNDADA,16/04/2026 08:17,ORDINARIO,DECLARACIÓN DE NULIDAD DE ACTOS ADMINISTRATIVOS,Contencioso Administrativo,4,2do Juzgado de Trabajo
00269-2026-0-2301-JR-LA-02,269,2026,SENTENCIAS,TOTAL RESOLUCIONES FINALES EN 1RA INSTANCIA,SENTENCIA FUNDADA,17/04/2026 16:47,ORDINARIO,DECLARACIÓN DE NULIDAD DE ACTOS ADMINISTRATIVOS,Contencioso Administrativo,4,2do Juzgado de Trabajo
01736-2025-0-2301-JR-LA-02,1736,2025,SENTENCIAS,TOTAL RESOLUCIONES FINALES EN 1RA INSTANCIA,SENTENCIA INFUNDADA,21/04/2026 08:08,ORDINARIO,DECLARACIÓN DE NULIDAD DE ACTOS ADMINISTRATIVOS,Contencioso Administrativo,4,2do Juzgado de Trabajo
00471-2024-0-2301-JR-LA-02,471,2024,SENTENCIAS,TOTAL RESOLUCIONES FINALES EN 1RA INSTANCIA,SENTENCIA INFUNDADA,14/04/2026 11:20,ORDINARIO,DECLARACIÓN DE NULIDAD DE ACTOS ADMINISTRATIVOS,Contencioso Administrativo,4,2do Juzgado de Trabajo
01694-2024-0-2301-JR-LA-02,1694,2024,SENTENCIAS,TOTAL RESOLUCIONES FINALES EN 1RA INSTANCIA,SENTENCIA FUNDADA,17/04/2026 16:52,ORDINARIO,DECLARACIÓN DE NULIDAD DE ACTOS ADMINISTRATIVOS,Contencioso Administrativo,4,2do Juzgado de Trabajo
00109-2026-0-2301-JR-LA-02,109,2026,SENTENCIAS,TOTAL RESOLUCIONES FINALES EN 1RA INSTANCIA,SENTENCIA FUNDADA,22/04/2026 09:02,ORDINARIO,RECONOCIMIENTO DEL DERECHO TUTELADO,Contencioso Administrativo,4,2do Juzgado de Trabajo
00394-2026-0-2301-JR-LA-02,394,2026,SENTENCIAS,TOTAL RESOLUCIONES FINALES EN 1RA INSTANCIA,SENTENCIA FUNDADA EN PARTE,29/04/2026 12:28,ORDINARIO,DECLARACIÓN DE NULIDAD DE ACTOS ADMINISTRATIVOS,Contencioso Administrativo,4,2do Juzgado de Trabajo
01725-2025-0-2301-JR-LA-02,1725,2025,SENTENCIAS,TOTAL RESOLUCIONES FINALES EN 1RA INSTANCIA,SENTENCIA FUNDADA,17/04/2026 16:42,ORDINARIO,CUMPLIMIENTO DE ACTUACIONES DISPUESTA POR ACTO ADMINISTRATIVO,Contencioso Administrativo,4,2do Juzgado de Trabajo
00527-2026-0-2301-JR-LA-02,527,2026,SENTENCIAS,TOTAL RESOLUCIONES FINALES EN 1RA INSTANCIA,SENTENCIA FUNDADA,29/04/2026 12:30,URGENTE,CUMPLIMIENTO DE ACTUACIONES DISPUESTA POR ACTO ADMINISTRATIVO,Contencioso Administrativo,4,2do Juzgado de Trabajo
01563-2025-0-2301-JR-LA-01,1563,2025,SENTENCIAS,TOTAL RESOLUCIONES FINALES EN 1RA INSTANCIA,SENTENCIA INFUNDADA,21/04/2026 08:05,ORDINARIO,RECONOCIMIENTO DEL DERECHO TUTELADO,Contencioso Administrativo,4,2do Juzgado de Trabajo
00320-2026-0-2301-JR-LA-02,320,2026,SENTENCIAS,TOTAL RESOLUCIONES FINALES EN 1RA INSTANCIA,SENTENCIA FUNDADA,24/04/2026 16:32,ORDINARIO,RECONOCIMIENTO DEL DERECHO TUTELADO,Contencioso Administrativo,4,2do Juzgado de Trabajo
00344-2026-0-2301-JR-LA-02,344,2026,SENTENCIAS,TOTAL RESOLUCIONES FINALES EN 1RA INSTANCIA,SENTENCIA FUNDADA,16/04/2026 08:17,ORDINARIO,DECLARACIÓN DE NULIDAD DE ACTOS ADMINISTRATIVOS,Contencioso Administrativo,4,2do Juzgado de Trabajo
00402-2026-0-2301-JR-LA-02,402,2026,SENTENCIAS,TOTAL RESOLUCIONES FINALES EN 1RA INSTANCIA,SENTENCIA FUNDADA,17/04/2026 16:52,ORDINARIO,RECONOCIMIENTO DEL DERECHO TUTELADO,Contencioso Administrativo,4,2do Juzgado de Trabajo
00462-2026-0-2301-JR-LA-02,462,2026,SENTENCIAS,TOTAL RESOLUCIONES FINALES EN 1RA INSTANCIA,SENTENCIA FUNDADA,29/04/2026 12:29,URGENTE,CUMPLIMIENTO DE ACTUACIONES DISPUESTA POR ACTO ADMINISTRATIVO,Contencioso Administrativo,4,2do Juzgado de Trabajo
00235-2026-0-2301-JR-LA-02,235,2026,SENTENCIAS,TOTAL RESOLUCIONES FINALES EN 1RA INSTANCIA,SENTENCIA IMPROCEDENTE,28/04/2026 13:18,URGENTE,CUMPLIMIENTO DE ACTUACIONES DISPUESTA POR ACTO ADMINISTRATIVO,Contencioso Administrativo,4,2do Juzgado de Trabajo
00998-2024-0-2301-JR-LA-02,998,2024,SENTENCIAS,TOTAL RESOLUCIONES FINALES EN 1RA INSTANCIA,SENTENCIA FUNDADA,27/04/2026 17:03,ORDINARIO,DECLARACIÓN DE NULIDAD DE ACTOS ADMINISTRATIVOS,Contencioso Administrativo,4,2do Juzgado de Trabajo
00037-2026-0-2301-JR-LA-02,37,2026,SENTENCIAS,TOTAL RESOLUCIONES FINALES EN 1RA INSTANCIA,SENTENCIA FUNDADA,22/04/2026 09:03,ORDINARIO,DECLARACIÓN DE NULIDAD DE ACTOS ADMINISTRATIVOS,Contencioso Administrativo,4,2do Juzgado de Trabajo
01222-2024-0-2301-JR-LA-04,1222,2024,SENTENCIAS,TOTAL RESOLUCIONES FINALES EN 1RA INSTANCIA,SENTENCIA INFUNDADA,21/04/2026 14:51,URGENTE,DECLARACIÓN DE NULIDAD DE ACTOS ADMINISTRATIVOS,Contencioso Administrativo,4,2do Juzgado de Trabajo
00017-2026-0-2301-JR-LA-02,17,2026,SENTENCIAS,TOTAL RESOLUCIONES FINALES EN 1RA INSTANCIA,SENTENCIA FUNDADA,28/04/2026 13:16,ORDINARIO,CUMPLIMIENTO DE ACTUACIONES DISPUESTA POR ACTO ADMINISTRATIVO,Contencioso Administrativo,4,2do Juzgado de Trabajo
00585-2024-0-2301-JR-LA-02,585,2024,SENTENCIAS,TOTAL RESOLUCIONES FINALES EN 1RA INSTANCIA,SENTENCIA IMPROCEDENTE,09/04/2026 09:19,ORDINARIO,DECLARACIÓN DE NULIDAD DE ACTOS ADMINISTRATIVOS,Contencioso Administrativo,4,2do Juzgado de Trabajo
00434-2026-0-2301-JR-LA-02,434,2026,SENTENCIAS,TOTAL RESOLUCIONES FINALES EN 1RA INSTANCIA,SENTENCIA FUNDADA,29/04/2026 12:31,URGENTE,CUMPLIMIENTO DE ACTUACIONES DISPUESTA POR ACTO ADMINISTRATIVO,Contencioso Administrativo,4,2do Juzgado de Trabajo
01533-2025-0-2301-JR-LA-02,1533,2025,SENTENCIAS,TOTAL RESOLUCIONES FINALES EN 1RA INSTANCIA,SENTENCIA FUNDADA,24/04/2026 16:33,ORDINARIO,DECLARACIÓN DE NULIDAD DE ACTOS ADMINISTRATIVOS,Contencioso Administrativo,4,2do Juzgado de Trabajo
00309-2026-0-2301-JR-LA-02,309,2026,SENTENCIAS,TOTAL RESOLUCIONES FINALES EN 1RA INSTANCIA,SENTENCIA FUNDADA EN PARTE,21/04/2026 08:05,ORDINARIO,DECLARACIÓN DE NULIDAD DE ACTOS ADMINISTRATIVOS,Contencioso Administrativo,4,2do Juzgado de Trabajo
01122-2024-0-2301-JR-LA-01,1122,2024,SENTENCIAS,TOTAL RESOLUCIONES FINALES EN 1RA INSTANCIA,SENTENCIA FUNDADA,23/04/2026 14:52,ORDINARIO,DECLARACIÓN DE INEFICACIA DE ACTOS ADMINISTRATIVOS,Contencioso Administrativo,4,2do Juzgado de Trabajo
00428-2026-0-2301-JR-LA-02,428,2026,SENTENCIAS,TOTAL RESOLUCIONES FINALES EN 1RA INSTANCIA,SENTENCIA FUNDADA,29/04/2026 12:30,URGENTE,CUMPLIMIENTO DE ACTUACIONES DISPUESTA POR LEY,Contencioso Administrativo,4,2do Juzgado de Trabajo
01161-2024-0-2301-JR-LA-02,1161,2024,SENTENCIAS,TOTAL RESOLUCIONES FINALES EN 1RA INSTANCIA,SENTENCIA INFUNDADA,07/04/2026 14:56,ORDINARIO,DECLARACIÓN DE NULIDAD DE ACTOS ADMINISTRATIVOS,Contencioso Administrativo,4,2do Juzgado de Trabajo
00385-2026-0-2301-JR-LA-02,385,2026,SENTENCIAS,TOTAL RESOLUCIONES FINALES EN 1RA INSTANCIA,SENTENCIA FUNDADA,30/04/2026 15:07,URGENTE,CUMPLIMIENTO DE ACTUACIONES DISPUESTA POR LEY,Contencioso Administrativo,4,2do Juzgado de Trabajo
00487-2026-0-2301-JR-LA-02,487,2026,SENTENCIAS,TOTAL RESOLUCIONES FINALES EN 1RA INSTANCIA,SENTENCIA INFUNDADA,30/04/2026 07:51,URGENTE,CUMPLIMIENTO DE ACTUACIONES DISPUESTA POR ACTO ADMINISTRATIVO,Contencioso Administrativo,4,2do Juzgado de Trabajo
00464-2026-0-2301-JR-LA-02,464,2026,SENTENCIAS,TOTAL RESOLUCIONES FINALES EN 1RA INSTANCIA,SENTENCIA FUNDADA,17/04/2026 16:53,ORDINARIO,DECLARACIÓN DE NULIDAD DE ACTOS ADMINISTRATIVOS,Contencioso Administrativo,4,2do Juzgado de Trabajo
00381-2026-0-2301-JR-LA-02,381,2026,SENTENCIAS,TOTAL RESOLUCIONES FINALES EN 1RA INSTANCIA,SENTENCIA FUNDADA,29/04/2026 12:29,ORDINARIO,RECONOCIMIENTO DEL DERECHO TUTELADO,Contencioso Administrativo,4,2do Juzgado de Trabajo
00275-2026-0-2301-JR-LA-02,275,2026,SENTENCIAS,TOTAL RESOLUCIONES FINALES EN 1RA INSTANCIA,SENTENCIA FUNDADA,17/04/2026 16:46,ORDINARIO,RECONOCIMIENTO DEL DERECHO TUTELADO,Contencioso Administrativo,4,2do Juzgado de Trabajo
00805-2017-0-2301-JR-LA-02,805,2017,SENTENCIAS,TOTAL RESOLUCIONES FINALES EN 1RA INSTANCIA,SENTENCIA INFUNDADA,16/04/2026 08:20,ORDINARIO,DECLARACIÓN DE NULIDAD DE ACTOS ADMINISTRATIVOS,Contencioso Administrativo,4,2do Juzgado de Trabajo
00336-2026-0-2301-JR-LA-02,336,2026,SENTENCIAS,TOTAL RESOLUCIONES FINALES EN 1RA INSTANCIA,SENTENCIA INFUNDADA,30/04/2026 12:12,ORDINARIO,CUMPLIMIENTO DE ACTUACIONES DISPUESTA POR ACTO ADMINISTRATIVO,Contencioso Administrativo,4,2do Juzgado de Trabajo
00273-2026-0-2301-JR-LA-02,273,2026,SENTENCIAS,TOTAL RESOLUCIONES FINALES EN 1RA INSTANCIA,SENTENCIA FUNDADA,17/04/2026 16:46,ORDINARIO,CUMPLIMIENTO DE ACTUACIONES DISPUESTA POR ACTO ADMINISTRATIVO,Contencioso Administrativo,4,2do Juzgado de Trabajo
01622-2025-0-2301-JR-LA-02,1622,2025,SENTENCIAS,TOTAL RESOLUCIONES FINALES EN 1RA INSTANCIA,SENTENCIA INFUNDADA,30/04/2026 12:32,URGENTE,CUMPLIMIENTO DE ACTUACIONES DISPUESTA POR ACTO ADMINISTRATIVO,Contencioso Administrativo,4,2do Juzgado de Trabajo
00239-2026-0-2301-JR-LA-02,239,2026,SENTENCIAS,TOTAL RESOLUCIONES FINALES EN 1RA INSTANCIA,SENTENCIA IMPROCEDENTE,28/04/2026 13:13,URGENTE,DECLARACIÓN DE NULIDAD DE ACTOS ADMINISTRATIVOS,Contencioso Administrativo,4,2do Juzgado de Trabajo
00342-2026-0-2301-JR-LA-02,342,2026,SENTENCIAS,TOTAL RESOLUCIONES FINALES EN 1RA INSTANCIA,SENTENCIA FUNDADA,28/04/2026 17:02,ORDINARIO,DECLARACIÓN DE NULIDAD DE ACTOS ADMINISTRATIVOS,Contencioso Administrativo,4,2do Juzgado de Trabajo
00361-2026-0-2301-JR-LA-02,361,2026,SENTENCIAS,TOTAL RESOLUCIONES FINALES EN 1RA INSTANCIA,SENTENCIA FUNDADA,30/04/2026 15:26,ORDINARIO,CUMPLIMIENTO DE ACTUACIONES DISPUESTA POR LEY,Contencioso Administrativo,4,2do Juzgado de Trabajo
01864-2025-0-2301-JR-LA-01,1864,2025,SENTENCIAS,TOTAL RESOLUCIONES FINALES EN 1RA INSTANCIA,SENTENCIA INFUNDADA,21/04/2026 08:06,ORDINARIO,RECONOCIMIENTO DEL DERECHO TUTELADO,Contencioso Administrativo,4,2do Juzgado de Trabajo
00243-2026-0-2301-JR-LA-02,243,2026,SENTENCIAS,TOTAL RESOLUCIONES FINALES EN 1RA INSTANCIA,SENTENCIA IMPROCEDENTE,28/04/2026 13:15,URGENTE,CUMPLIMIENTO DE ACTUACIONES DISPUESTA POR ACTO ADMINISTRATIVO,Contencioso Administrativo,4,2do Juzgado de Trabajo
00692-2024-0-2301-JR-LA-02,692,2024,SENTENCIAS,TOTAL RESOLUCIONES FINALES EN 1RA INSTANCIA,SENTENCIA INFUNDADA,16/04/2026 08:13,ORDINARIO,DECLARACIÓN DE NULIDAD DE ACTOS ADMINISTRATIVOS,Contencioso Administrativo,4,2do Juzgado de Trabajo
00574-2024-0-2301-JR-LA-02,574,2024,SENTENCIAS,TOTAL RESOLUCIONES FINALES EN 1RA INSTANCIA,SENTENCIA FUNDADA EN PARTE,30/04/2026 16:22,ORDINARIO,DECLARACIÓN DE INEFICACIA DE ACTOS ADMINISTRATIVOS,Contencioso Administrativo,4,2do Juzgado de Trabajo
00366-2026-0-2301-JR-LA-02,366,2026,SENTENCIAS,TOTAL RESOLUCIONES FINALES EN 1RA INSTANCIA,SENTENCIA FUNDADA,17/04/2026 16:44,ORDINARIO,RECONOCIMIENTO DEL DERECHO TUTELADO,Contencioso Administrativo,4,2do Juzgado de Trabajo
00489-2026-0-2301-JR-LA-02,489,2026,SENTENCIAS,TOTAL RESOLUCIONES FINALES EN 1RA INSTANCIA,SENTENCIA FUNDADA,28/04/2026 17:01,ORDINARIO,RESTABLECIMIENTO DEL DERECHO TUTELADO,Previsional,4,2do Juzgado de Trabajo
00116-2026-0-2301-JR-LA-01,116,2026,SENTENCIAS,TOTAL RESOLUCIONES FINALES EN 1RA INSTANCIA,SENTENCIA FUNDADA,28/04/2026 16:58,ORDINARIO,RESTABLECIMIENTO DEL DERECHO TUTELADO,Previsional,4,2do Juzgado de Trabajo
00466-2026-0-2301-JR-LA-02,466,2026,SENTENCIAS,TOTAL RESOLUCIONES FINALES EN 1RA INSTANCIA,SENTENCIA FUNDADA,28/04/2026 17:00,ORDINARIO,RESTABLECIMIENTO DEL DERECHO TUTELADO,Previsional,4,2do Juzgado de Trabajo
00312-2026-0-2301-JR-LA-02,312,2026,SENTENCIAS,TOTAL RESOLUCIONES FINALES EN 1RA INSTANCIA,SENTENCIA FUNDADA,17/04/2026 17:05,ORDINARIO,RESTABLECIMIENTO DEL DERECHO TUTELADO,Previsional,4,2do Juzgado de Trabajo
00414-2026-0-2301-JR-LA-02,414,2026,SENTENCIAS,TOTAL RESOLUCIONES FINALES EN 1RA INSTANCIA,SENTENCIA FUNDADA,17/04/2026 17:06,ORDINARIO,DECLARACIÓN DE NULIDAD DE ACTOS ADMINISTRATIVOS,Previsional,4,2do Juzgado de Trabajo
00298-2026-0-2301-JR-LA-01,298,2026,SENTENCIAS,TOTAL RESOLUCIONES FINALES EN 1RA INSTANCIA,SENTENCIA FUNDADA,28/04/2026 17:00,ORDINARIO,RESTABLECIMIENTO DEL DERECHO TUTELADO,Previsional,4,2do Juzgado de Trabajo
00115-2026-0-2301-JR-LA-03,115,2026,SENTENCIAS,TOTAL RESOLUCIONES FINALES EN 1RA INSTANCIA,SENTENCIA FUNDADA,17/04/2026 17:06,ORDINARIO,RESTABLECIMIENTO DEL DERECHO TUTELADO,Previsional,4,2do Juzgado de Trabajo
00424-2026-0-2301-JR-LA-02,424,2026,SENTENCIAS,TOTAL RESOLUCIONES FINALES EN 1RA INSTANCIA,SENTENCIA FUNDADA,28/04/2026 16:59,ORDINARIO,DECLARACIÓN DE NULIDAD DE ACTOS ADMINISTRATIVOS,Previsional,4,2do Juzgado de Trabajo
00416-2026-0-2301-JR-LA-02,416,2026,SENTENCIAS,TOTAL RESOLUCIONES FINALES EN 1RA INSTANCIA,SENTENCIA FUNDADA,28/04/2026 16:59,ORDINARIO,RESTABLECIMIENTO DEL DERECHO TUTELADO,Previsional,4,2do Juzgado de Trabajo
00321-2026-0-2301-JR-LA-04,321,2026,SENTENCIAS,TOTAL RESOLUCIONES FINALES EN 1RA INSTANCIA,SENTENCIA FUNDADA EN PARTE,24/04/2026 16:45,ORDINARIO,RECONOCIMIENTO DEL DERECHO TUTELADO,Contencioso Administrativo,4,4to Juzgado de Trabajo
00507-2026-0-2301-JR-LA-04,507,2026,SENTENCIAS,TOTAL RESOLUCIONES FINALES EN 1RA INSTANCIA,SENTENCIA FUNDADA,28/04/2026 17:16,ORDINARIO,DECLARACIÓN DE NULIDAD DE ACTOS ADMINISTRATIVOS,Contencioso Administrativo,4,4to Juzgado de Trabajo
00463-2026-0-2301-JR-LA-04,463,2026,SENTENCIAS,TOTAL RESOLUCIONES FINALES EN 1RA INSTANCIA,SENTENCIA FUNDADA,28/04/2026 17:16,ORDINARIO,DECLARACIÓN DE NULIDAD DE ACTOS ADMINISTRATIVOS,Contencioso Administrativo,4,4to Juzgado de Trabajo
01809-2025-0-2301-JR-LA-04,1809,2025,SENTENCIAS,TOTAL RESOLUCIONES FINALES EN 1RA INSTANCIA,SENTENCIA IMPROCEDENTE,17/04/2026 15:50,ORDINARIO,DECLARACIÓN DE NULIDAD DE ACTOS ADMINISTRATIVOS,Contencioso Administrativo,4,4to Juzgado de Trabajo
00413-2026-0-2301-JR-LA-04,413,2026,SENTENCIAS,TOTAL RESOLUCIONES FINALES EN 1RA INSTANCIA,SENTENCIA FUNDADA,30/04/2026 12:39,ORDINARIO,RECONOCIMIENTO DEL DERECHO TUTELADO,Contencioso Administrativo,4,4to Juzgado de Trabajo
00365-2026-0-2301-JR-LA-04,365,2026,SENTENCIAS,TOTAL RESOLUCIONES FINALES EN 1RA INSTANCIA,SENTENCIA FUNDADA,23/04/2026 12:35,ORDINARIO,RECONOCIMIENTO DEL DERECHO TUTELADO,Contencioso Administrativo,4,4to Juzgado de Trabajo
01430-2025-0-2301-JR-LA-04,1430,2025,SENTENCIAS,TOTAL RESOLUCIONES FINALES EN 1RA INSTANCIA,SENTENCIA FUNDADA EN PARTE,27/04/2026 17:01,ORDINARIO,DECLARACIÓN DE NULIDAD DE ACTOS ADMINISTRATIVOS,Contencioso Administrativo,4,4to Juzgado de Trabajo
00501-2025-0-2301-JR-LA-04,501,2025,SENTENCIAS,TOTAL RESOLUCIONES FINALES EN 1RA INSTANCIA,SENTENCIA FUNDADA EN PARTE,09/04/2026 17:12,ORDINARIO,DECLARACIÓN DE NULIDAD DE ACTOS ADMINISTRATIVOS,Contencioso Administrativo,4,4to Juzgado de Trabajo
00575-2026-0-2301-JR-LA-04,575,2026,SENTENCIAS,TOTAL RESOLUCIONES FINALES EN 1RA INSTANCIA,SENTENCIA FUNDADA,24/04/2026 16:44,URGENTE,CUMPLIMIENTO DE ACTUACIONES DISPUESTA POR ACTO ADMINISTRATIVO,Contencioso Administrativo,4,4to Juzgado de Trabajo
01553-2025-0-2301-JR-LA-04,1553,2025,SENTENCIAS,TOTAL RESOLUCIONES FINALES EN 1RA INSTANCIA,SENTENCIA IMPROCEDENTE,17/04/2026 15:50,ORDINARIO,DECLARACIÓN DE NULIDAD DE ACTOS ADMINISTRATIVOS,Contencioso Administrativo,4,4to Juzgado de Trabajo
00532-2026-0-2301-JR-LA-04,532,2026,SENTENCIAS,TOTAL RESOLUCIONES FINALES EN 1RA INSTANCIA,SENTENCIA FUNDADA EN PARTE,24/04/2026 16:44,ORDINARIO,RECONOCIMIENTO DEL DERECHO TUTELADO,Contencioso Administrativo,4,4to Juzgado de Trabajo
00731-2025-0-2301-JR-CI-04,731,2025,SENTENCIAS,TOTAL RESOLUCIONES FINALES EN 1RA INSTANCIA,SENTENCIA FUNDADA,16/04/2026 16:54,ORDINARIO,DECLARACIÓN DE NULIDAD DE ACTOS ADMINISTRATIVOS,Contencioso Administrativo,4,4to Juzgado de Trabajo
00526-2026-0-2301-JR-LA-04,526,2026,SENTENCIAS,TOTAL RESOLUCIONES FINALES EN 1RA INSTANCIA,SENTENCIA FUNDADA,24/04/2026 16:44,URGENTE,CUMPLIMIENTO DE ACTUACIONES DISPUESTA POR ACTO ADMINISTRATIVO,Contencioso Administrativo,4,4to Juzgado de Trabajo
00189-2026-0-2301-JR-LA-04,189,2026,SENTENCIAS,TOTAL RESOLUCIONES FINALES EN 1RA INSTANCIA,SENTENCIA FUNDADA,28/04/2026 17:17,ORDINARIO,RECONOCIMIENTO DEL DERECHO TUTELADO,Contencioso Administrativo,4,4to Juzgado de Trabajo
00367-2025-0-2301-JR-LA-04,367,2025,SENTENCIAS,TOTAL RESOLUCIONES FINALES EN 1RA INSTANCIA,SENTENCIA INFUNDADA,16/04/2026 16:51,ORDINARIO,DECLARACIÓN DE NULIDAD DE ACTOS ADMINISTRATIVOS,Contencioso Administrativo,4,4to Juzgado de Trabajo
00492-2026-0-2301-JR-LA-04,492,2026,SENTENCIAS,TOTAL RESOLUCIONES FINALES EN 1RA INSTANCIA,SENTENCIA FUNDADA,28/04/2026 17:16,ORDINARIO,DECLARACIÓN DE NULIDAD DE ACTOS ADMINISTRATIVOS,Contencioso Administrativo,4,4to Juzgado de Trabajo
00339-2026-0-2301-JR-LA-04,339,2026,SENTENCIAS,TOTAL RESOLUCIONES FINALES EN 1RA INSTANCIA,SENTENCIA FUNDADA,24/04/2026 16:45,ORDINARIO,CUMPLIMIENTO DE ACTUACIONES DISPUESTA POR ACTO ADMINISTRATIVO,Contencioso Administrativo,4,4to Juzgado de Trabajo
01652-2025-0-2301-JR-LA-04,1652,2025,SENTENCIAS,TOTAL RESOLUCIONES FINALES EN 1RA INSTANCIA,SENTENCIA INFUNDADA,27/04/2026 15:34,ORDINARIO,DECLARACIÓN DE NULIDAD DE ACTOS ADMINISTRATIVOS,Contencioso Administrativo,4,4to Juzgado de Trabajo
01628-2024-0-2301-JR-LA-04,1628,2024,SENTENCIAS,TOTAL RESOLUCIONES FINALES EN 1RA INSTANCIA,SENTENCIA INFUNDADA,27/04/2026 15:34,ORDINARIO,DECLARACIÓN DE NULIDAD DE ACTOS ADMINISTRATIVOS,Contencioso Administrativo,4,4to Juzgado de Trabajo
00540-2026-0-2301-JR-LA-04,540,2026,SENTENCIAS,TOTAL RESOLUCIONES FINALES EN 1RA INSTANCIA,SENTENCIA FUNDADA,30/04/2026 12:38,ORDINARIO,DECLARACIÓN DE NULIDAD DE ACTOS ADMINISTRATIVOS,Contencioso Administrativo,4,4to Juzgado de Trabajo
00382-2026-0-2301-JR-LA-04,382,2026,SENTENCIAS,TOTAL RESOLUCIONES FINALES EN 1RA INSTANCIA,SENTENCIA INFUNDADA,29/04/2026 16:46,URGENTE,CUMPLIMIENTO DE ACTUACIONES DISPUESTA POR LEY,Contencioso Administrativo,4,4to Juzgado de Trabajo
00166-2026-0-2301-JR-LA-04,166,2026,SENTENCIAS,TOTAL RESOLUCIONES FINALES EN 1RA INSTANCIA,SENTENCIA FUNDADA EN PARTE,30/04/2026 13:05,ORDINARIO,DECLARACIÓN DE INEFICACIA DE ACTOS ADMINISTRATIVOS,Contencioso Administrativo,4,4to Juzgado de Trabajo
01735-2025-0-2301-JR-LA-04,1735,2025,SENTENCIAS,TOTAL RESOLUCIONES FINALES EN 1RA INSTANCIA,SENTENCIA FUNDADA EN PARTE,14/04/2026 17:11,ORDINARIO,DECLARACIÓN DE NULIDAD DE ACTOS ADMINISTRATIVOS,Contencioso Administrativo,4,4to Juzgado de Trabajo
01914-2025-0-2301-JR-LA-04,1914,2025,SENTENCIAS,TOTAL RESOLUCIONES FINALES EN 1RA INSTANCIA,SENTENCIA FUNDADA EN PARTE,21/04/2026 16:46,ORDINARIO,DECLARACIÓN DE NULIDAD DE ACTOS ADMINISTRATIVOS,Contencioso Administrativo,4,4to Juzgado de Trabajo
00300-2026-0-2301-JR-LA-01,300,2026,SENTENCIAS,TOTAL RESOLUCIONES FINALES EN 1RA INSTANCIA,SENTENCIA INFUNDADA,30/04/2026 13:06,ORDINARIO,RECONOCIMIENTO DEL DERECHO TUTELADO,Contencioso Administrativo,4,4to Juzgado de Trabajo
00296-2026-0-2301-JR-LA-04,296,2026,SENTENCIAS,TOTAL RESOLUCIONES FINALES EN 1RA INSTANCIA,SENTENCIA FUNDADA,22/04/2026 16:45,ORDINARIO,DECLARACIÓN DE NULIDAD DE ACTOS ADMINISTRATIVOS,Contencioso Administrativo,4,4to Juzgado de Trabajo
00099-2026-0-2301-JR-LA-03,99,2026,SENTENCIAS,TOTAL RESOLUCIONES FINALES EN 1RA INSTANCIA,SENTENCIA FUNDADA,24/04/2026 16:45,ORDINARIO,RECONOCIMIENTO DEL DERECHO TUTELADO,Contencioso Administrativo,4,4to Juzgado de Trabajo
00384-2026-0-2301-JR-LA-04,384,2026,SENTENCIAS,TOTAL RESOLUCIONES FINALES EN 1RA INSTANCIA,SENTENCIA INFUNDADA,30/04/2026 13:06,URGENTE,CUMPLIMIENTO DE ACTUACIONES DISPUESTA POR LEY,Contencioso Administrativo,4,4to Juzgado de Trabajo
01732-2025-0-2301-JR-LA-04,1732,2025,SENTENCIAS,TOTAL RESOLUCIONES FINALES EN 1RA INSTANCIA,SENTENCIA IMPROCEDENTE,22/04/2026 16:51,ORDINARIO,DECLARACIÓN DE NULIDAD DE ACTOS ADMINISTRATIVOS,Contencioso Administrativo,4,4to Juzgado de Trabajo
00569-2025-0-2301-JR-LA-04,569,2025,SENTENCIAS,TOTAL RESOLUCIONES FINALES EN 1RA INSTANCIA,SENTENCIA FUNDADA EN PARTE,10/04/2026 15:51,ORDINARIO,DECLARACIÓN DE NULIDAD DE ACTOS ADMINISTRATIVOS,Contencioso Administrativo,4,4to Juzgado de Trabajo
00401-2026-0-2301-JR-LA-04,401,2026,SENTENCIAS,TOTAL RESOLUCIONES FINALES EN 1RA INSTANCIA,SENTENCIA FUNDADA,23/04/2026 12:39,ORDINARIO,DECLARACIÓN DE NULIDAD DE ACTOS ADMINISTRATIVOS,Contencioso Administrativo,4,4to Juzgado de Trabajo
01715-2025-0-2301-JR-LA-01,1715,2025,SENTENCIAS,TOTAL RESOLUCIONES FINALES EN 1RA INSTANCIA,SENTENCIA IMPROCEDENTE,17/04/2026 15:50,ORDINARIO,RECONOCIMIENTO DEL DERECHO TUTELADO,Contencioso Administrativo,4,4to Juzgado de Trabajo
00050-2026-0-2301-JR-LA-04,50,2026,SENTENCIAS,TOTAL RESOLUCIONES FINALES EN 1RA INSTANCIA,SENTENCIA IMPROCEDENTE,23/04/2026 16:53,ORDINARIO,RECONOCIMIENTO DEL DERECHO TUTELADO,Contencioso Administrativo,4,4to Juzgado de Trabajo
00258-2026-0-2301-JR-LA-04,258,2026,SENTENCIAS,TOTAL RESOLUCIONES FINALES EN 1RA INSTANCIA,SENTENCIA FUNDADA EN PARTE,29/04/2026 16:47,ORDINARIO,DECLARACIÓN DE NULIDAD DE ACTOS ADMINISTRATIVOS,Contencioso Administrativo,4,4to Juzgado de Trabajo
01907-2025-0-2301-JR-LA-04,1907,2025,SENTENCIAS,TOTAL RESOLUCIONES FINALES EN 1RA INSTANCIA,SENTENCIA INFUNDADA,27/04/2026 11:54,ORDINARIO,CUMPLIMIENTO DE ACTUACIONES DISPUESTA POR ACTO ADMINISTRATIVO,Contencioso Administrativo,4,4to Juzgado de Trabajo
00418-2026-0-2301-JR-LA-04,418,2026,SENTENCIAS,TOTAL RESOLUCIONES FINALES EN 1RA INSTANCIA,SENTENCIA FUNDADA,23/04/2026 12:40,ORDINARIO,RECONOCIMIENTO DEL DERECHO TUTELADO,Contencioso Administrativo,4,4to Juzgado de Trabajo
01737-2025-0-2301-JR-LA-04,1737,2025,SENTENCIAS,TOTAL RESOLUCIONES FINALES EN 1RA INSTANCIA,SENTENCIA FUNDADA EN PARTE,17/04/2026 15:50,ORDINARIO,DECLARACIÓN DE NULIDAD DE ACTOS ADMINISTRATIVOS,Contencioso Administrativo,4,4to Juzgado de Trabajo
00343-2026-0-2301-JR-LA-04,343,2026,SENTENCIAS,TOTAL RESOLUCIONES FINALES EN 1RA INSTANCIA,SENTENCIA FUNDADA EN PARTE,24/04/2026 16:45,ORDINARIO,DECLARACIÓN DE NULIDAD DE ACTOS ADMINISTRATIVOS,Contencioso Administrativo,4,4to Juzgado de Trabajo
00425-2026-0-2301-JR-LA-04,425,2026,SENTENCIAS,TOTAL RESOLUCIONES FINALES EN 1RA INSTANCIA,SENTENCIA INFUNDADA,24/04/2026 09:09,ORDINARIO,DECLARACIÓN DE NULIDAD DE ACTOS ADMINISTRATIVOS,Contencioso Administrativo,4,4to Juzgado de Trabajo
01633-2025-0-2301-JR-LA-04,1633,2025,SENTENCIAS,TOTAL RESOLUCIONES FINALES EN 1RA INSTANCIA,SENTENCIA IMPROCEDENTE,22/04/2026 16:52,ORDINARIO,RECONOCIMIENTO DEL DERECHO TUTELADO,Contencioso Administrativo,4,4to Juzgado de Trabajo
00094-2026-0-2301-JR-LA-04,94,2026,SENTENCIAS,TOTAL RESOLUCIONES FINALES EN 1RA INSTANCIA,SENTENCIA FUNDADA,29/04/2026 16:40,ORDINARIO,RECONOCIMIENTO DEL DERECHO TUTELADO,Contencioso Administrativo,4,4to Juzgado de Trabajo
00276-2026-0-2301-JR-LA-04,276,2026,SENTENCIAS,TOTAL RESOLUCIONES FINALES EN 1RA INSTANCIA,SENTENCIA IMPROCEDENTE,30/04/2026 13:06,ORDINARIO,DECLARACIÓN DE NULIDAD DE ACTOS ADMINISTRATIVOS,Contencioso Administrativo,4,4to Juzgado de Trabajo
00420-2026-0-2301-JR-LA-04,420,2026,SENTENCIAS,TOTAL RESOLUCIONES FINALES EN 1RA INSTANCIA,SENTENCIA FUNDADA,28/04/2026 15:22,ORDINARIO,RECONOCIMIENTO DEL DERECHO TUTELADO,Contencioso Administrativo,4,4to Juzgado de Trabajo
01183-2025-0-2301-JR-LA-04,1183,2025,SENTENCIAS,TOTAL RESOLUCIONES FINALES EN 1RA INSTANCIA,SENTENCIA INFUNDADA,10/04/2026 16:39,ORDINARIO,CUMPLIMIENTO DE ACTUACIONES DISPUESTA POR ACTO ADMINISTRATIVO,Contencioso Administrativo,4,4to Juzgado de Trabajo
01561-2025-0-2301-JR-LA-03,1561,2025,SENTENCIAS,TOTAL RESOLUCIONES FINALES EN 1RA INSTANCIA,SENTENCIA FUNDADA,07/04/2026 17:09,ORDINARIO,RECONOCIMIENTO DEL DERECHO TUTELADO,Contencioso Administrativo,4,4to Juzgado de Trabajo
00435-2026-0-2301-JR-LA-04,435,2026,SENTENCIAS,TOTAL RESOLUCIONES FINALES EN 1RA INSTANCIA,SENTENCIA FUNDADA,30/04/2026 13:06,ORDINARIO,RECONOCIMIENTO DEL DERECHO TUTELADO,Contencioso Administrativo,4,4to Juzgado de Trabajo
00208-2026-0-2301-JR-LA-04,208,2026,SENTENCIAS,TOTAL RESOLUCIONES FINALES EN 1RA INSTANCIA,SENTENCIA FUNDADA,29/04/2026 16:46,ORDINARIO,CUMPLIMIENTO DE ACTUACIONES DISPUESTA POR ACTO ADMINISTRATIVO,Contencioso Administrativo,4,4to Juzgado de Trabajo
00380-2026-0-2301-JR-LA-04,380,2026,SENTENCIAS,TOTAL RESOLUCIONES FINALES EN 1RA INSTANCIA,SENTENCIA FUNDADA,30/04/2026 12:39,ORDINARIO,RECONOCIMIENTO DEL DERECHO TUTELADO,Contencioso Administrativo,4,4to Juzgado de Trabajo
01842-2025-0-2301-JR-LA-04,1842,2025,SENTENCIAS,TOTAL RESOLUCIONES FINALES EN 1RA INSTANCIA,SENTENCIA FUNDADA EN PARTE,22/04/2026 16:46,ORDINARIO,RELATIVAS A MATERIA PREVISIONAL,Contencioso Administrativo,4,4to Juzgado de Trabajo
01517-2025-0-2301-JR-LA-04,1517,2025,SENTENCIAS,TOTAL RESOLUCIONES FINALES EN 1RA INSTANCIA,SENTENCIA FUNDADA EN PARTE,16/04/2026 16:51,ORDINARIO,DECLARACIÓN DE NULIDAD DE ACTOS ADMINISTRATIVOS,Contencioso Administrativo,4,4to Juzgado de Trabajo
00453-2026-0-2301-JR-LA-03,453,2026,SENTENCIAS,TOTAL RESOLUCIONES FINALES EN 1RA INSTANCIA,SENTENCIA FUNDADA,24/04/2026 16:44,URGENTE,RECONOCIMIENTO DEL DERECHO TUTELADO,Contencioso Administrativo,4,4to Juzgado de Trabajo
00027-2026-0-2301-JR-LA-04,27,2026,SENTENCIAS,TOTAL RESOLUCIONES FINALES EN 1RA INSTANCIA,SENTENCIA FUNDADA EN PARTE,17/04/2026 15:51,ORDINARIO,DECLARACIÓN DE NULIDAD DE ACTOS ADMINISTRATIVOS,Contencioso Administrativo,4,4to Juzgado de Trabajo
01845-2025-0-2301-JR-LA-04,1845,2025,SENTENCIAS,TOTAL RESOLUCIONES FINALES EN 1RA INSTANCIA,SENTENCIA INFUNDADA,22/04/2026 16:51,ORDINARIO,DECLARACIÓN DE NULIDAD DE ACTOS ADMINISTRATIVOS,Contencioso Administrativo,4,4to Juzgado de Trabajo
01823-2025-0-2301-JR-LA-04,1823,2025,SENTENCIAS,TOTAL RESOLUCIONES FINALES EN 1RA INSTANCIA,SENTENCIA INFUNDADA,21/04/2026 17:04,ORDINARIO,RECONOCIMIENTO DEL DERECHO TUTELADO,Contencioso Administrativo,4,4to Juzgado de Trabajo
00415-2026-0-2301-JR-LA-04,415,2026,SENTENCIAS,TOTAL RESOLUCIONES FINALES EN 1RA INSTANCIA,SENTENCIA INFUNDADA,29/04/2026 16:46,URGENTE,CUMPLIMIENTO DE ACTUACIONES DISPUESTA POR ACTO ADMINISTRATIVO,Contencioso Administrativo,4,4to Juzgado de Trabajo
00224-2026-0-2301-JR-LA-04,224,2026,SENTENCIAS,TOTAL RESOLUCIONES FINALES EN 1RA INSTANCIA,SENTENCIA FUNDADA EN PARTE,22/04/2026 16:45,ORDINARIO,RECONOCIMIENTO DEL DERECHO TUTELADO,Contencioso Administrativo,4,4to Juzgado de Trabajo
01661-2025-0-2301-JR-LA-04,1661,2025,SENTENCIAS,TOTAL RESOLUCIONES FINALES EN 1RA INSTANCIA,SENTENCIA FUNDADA EN PARTE,20/04/2026 16:44,ORDINARIO,RECONOCIMIENTO DEL DERECHO TUTELADO,Contencioso Administrativo,4,4to Juzgado de Trabajo
00437-2026-0-2301-JR-LA-04,437,2026,SENTENCIAS,TOTAL RESOLUCIONES FINALES EN 1RA INSTANCIA,SENTENCIA FUNDADA,30/04/2026 13:06,ORDINARIO,RECONOCIMIENTO DEL DERECHO TUTELADO,Contencioso Administrativo,4,4to Juzgado de Trabajo
00429-2026-0-2301-JR-LA-04,429,2026,SENTENCIAS,TOTAL RESOLUCIONES FINALES EN 1RA INSTANCIA,SENTENCIA FUNDADA,30/04/2026 12:39,ORDINARIO,RECONOCIMIENTO DEL DERECHO TUTELADO,Contencioso Administrativo,4,4to Juzgado de Trabajo
00052-2026-0-2301-JR-LA-04,52,2026,SENTENCIAS,TOTAL RESOLUCIONES FINALES EN 1RA INSTANCIA,SENTENCIA IMPROCEDENTE,23/04/2026 16:53,ORDINARIO,RECONOCIMIENTO DEL DERECHO TUTELADO,Contencioso Administrativo,4,4to Juzgado de Trabajo
00200-2026-0-2301-JR-LA-04,200,2026,SENTENCIAS,TOTAL RESOLUCIONES FINALES EN 1RA INSTANCIA,SENTENCIA FUNDADA,21/04/2026 16:47,ORDINARIO,DECLARACIÓN DE NULIDAD DE ACTOS ADMINISTRATIVOS,Contencioso Administrativo,4,4to Juzgado de Trabajo
01581-2025-0-2301-JR-LA-04,1581,2025,SENTENCIAS,TOTAL RESOLUCIONES FINALES EN 1RA INSTANCIA,SENTENCIA FUNDADA EN PARTE,17/04/2026 15:51,ORDINARIO,RESTABLECIMIENTO DEL DERECHO TUTELADO,Contencioso Administrativo,4,4to Juzgado de Trabajo
00003-2026-0-2301-JR-LA-04,3,2026,SENTENCIAS,TOTAL RESOLUCIONES FINALES EN 1RA INSTANCIA,SENTENCIA FUNDADA EN PARTE,30/04/2026 13:07,ORDINARIO,RECONOCIMIENTO DEL DERECHO TUTELADO,Contencioso Administrativo,4,4to Juzgado de Trabajo
00081-2026-0-2301-JR-LA-04,81,2026,SENTENCIAS,TOTAL RESOLUCIONES FINALES EN 1RA INSTANCIA,SENTENCIA FUNDADA EN PARTE,28/04/2026 17:17,ORDINARIO,RECONOCIMIENTO DEL DERECHO TUTELADO,Contencioso Administrativo,4,4to Juzgado de Trabajo
00528-2026-0-2301-JR-LA-04,528,2026,SENTENCIAS,TOTAL RESOLUCIONES FINALES EN 1RA INSTANCIA,SENTENCIA FUNDADA EN PARTE,28/04/2026 17:16,ORDINARIO,RECONOCIMIENTO DEL DERECHO TUTELADO,Contencioso Administrativo,4,4to Juzgado de Trabajo
00488-2026-0-2301-JR-LA-04,488,2026,SENTENCIAS,TOTAL RESOLUCIONES FINALES EN 1RA INSTANCIA,SENTENCIA FUNDADA EN PARTE,28/04/2026 17:12,ORDINARIO,RECONOCIMIENTO DEL DERECHO TUTELADO,Contencioso Administrativo,4,4to Juzgado de Trabajo
01692-2025-0-2301-JR-LA-04,1692,2025,SENTENCIAS,TOTAL RESOLUCIONES FINALES EN 1RA INSTANCIA,SENTENCIA FUNDADA EN PARTE,16/04/2026 16:52,ORDINARIO,DECLARACIÓN DE NULIDAD DE ACTOS ADMINISTRATIVOS,Contencioso Administrativo,4,4to Juzgado de Trabajo
01513-2025-0-2301-JR-LA-04,1513,2025,SENTENCIAS,TOTAL RESOLUCIONES FINALES EN 1RA INSTANCIA,SENTENCIA INFUNDADA,10/04/2026 16:40,ORDINARIO,DECLARACIÓN DE NULIDAD DE ACTOS ADMINISTRATIVOS,Contencioso Administrativo,4,4to Juzgado de Trabajo
00234-2026-0-2301-JR-LA-04,234,2026,SENTENCIAS,TOTAL RESOLUCIONES FINALES EN 1RA INSTANCIA,SENTENCIA FUNDADA,28/04/2026 15:21,ORDINARIO,DECLARACIÓN DE NULIDAD DE ACTOS ADMINISTRATIVOS,Contencioso Administrativo,4,4to Juzgado de Trabajo
00222-2026-0-2301-JR-LA-04,222,2026,SENTENCIAS,TOTAL RESOLUCIONES FINALES EN 1RA INSTANCIA,SENTENCIA FUNDADA EN PARTE,22/04/2026 16:45,ORDINARIO,CUMPLIMIENTO DE ACTUACIONES DISPUESTA POR ACTO ADMINISTRATIVO,Contencioso Administrativo,4,4to Juzgado de Trabajo
00274-2026-0-2301-JR-LA-04,274,2026,SENTENCIAS,TOTAL RESOLUCIONES FINALES EN 1RA INSTANCIA,SENTENCIA FUNDADA,24/04/2026 09:13,ORDINARIO,DECLARACIÓN DE NULIDAD DE ACTOS ADMINISTRATIVOS,Contencioso Administrativo,4,4to Juzgado de Trabajo
01871-2025-0-2301-JR-LA-04,1871,2025,SENTENCIAS,TOTAL RESOLUCIONES FINALES EN 1RA INSTANCIA,SENTENCIA FUNDADA EN PARTE,21/04/2026 16:46,ORDINARIO,RECONOCIMIENTO DEL DERECHO TUTELADO,Contencioso Administrativo,4,4to Juzgado de Trabajo
00272-2026-0-2301-JR-LA-04,272,2026,SENTENCIAS,TOTAL RESOLUCIONES FINALES EN 1RA INSTANCIA,SENTENCIA FUNDADA,22/04/2026 16:45,ORDINARIO,CUMPLIMIENTO DE ACTUACIONES DISPUESTA POR ACTO ADMINISTRATIVO,Contencioso Administrativo,4,4to Juzgado de Trabajo
01600-2025-0-2301-JR-LA-04,1600,2025,SENTENCIAS,TOTAL RESOLUCIONES FINALES EN 1RA INSTANCIA,SENTENCIA FUNDADA EN PARTE,16/04/2026 16:51,ORDINARIO,DECLARACIÓN DE NULIDAD DE ACTOS ADMINISTRATIVOS,Contencioso Administrativo,4,4to Juzgado de Trabajo
00405-2026-0-2301-JR-LA-04,405,2026,SENTENCIAS,TOTAL RESOLUCIONES FINALES EN 1RA INSTANCIA,SENTENCIA FUNDADA,21/04/2026 16:52,ORDINARIO,RESTABLECIMIENTO DEL DERECHO TUTELADO,Previsional,4,4to Juzgado de Trabajo
00490-2026-0-2301-JR-LA-04,490,2026,SENTENCIAS,TOTAL RESOLUCIONES FINALES EN 1RA INSTANCIA,SENTENCIA FUNDADA,29/04/2026 09:45,ORDINARIO,RESTABLECIMIENTO DEL DERECHO TUTELADO,Previsional,4,4to Juzgado de Trabajo
00262-2026-0-2301-JR-LA-04,262,2026,SENTENCIAS,TOTAL RESOLUCIONES FINALES EN 1RA INSTANCIA,SENTENCIA FUNDADA,24/04/2026 09:14,ORDINARIO,RESTABLECIMIENTO DEL DERECHO TUTELADO,Previsional,4,4to Juzgado de Trabajo
00465-2026-0-2301-JR-LA-04,465,2026,SENTENCIAS,TOTAL RESOLUCIONES FINALES EN 1RA INSTANCIA,SENTENCIA FUNDADA,29/04/2026 09:45,ORDINARIO,RESTABLECIMIENTO DEL DERECHO TUTELADO,Previsional,4,4to Juzgado de Trabajo
00427-2026-0-2301-JR-LA-04,427,2026,SENTENCIAS,TOTAL RESOLUCIONES FINALES EN 1RA INSTANCIA,SENTENCIA FUNDADA,23/04/2026 12:41,ORDINARIO,RESTABLECIMIENTO DEL DERECHO TUTELADO,Previsional,4,4to Juzgado de Trabajo
00433-2026-0-2301-JR-LA-04,433,2026,SENTENCIAS,TOTAL RESOLUCIONES FINALES EN 1RA INSTANCIA,SENTENCIA FUNDADA,24/04/2026 09:14,ORDINARIO,RESTABLECIMIENTO DEL DERECHO TUTELADO,Previsional,4,4to Juzgado de Trabajo
00313-2026-0-2301-JR-LA-04,313,2026,SENTENCIAS,TOTAL RESOLUCIONES FINALES EN 1RA INSTANCIA,SENTENCIA FUNDADA,13/04/2026 17:04,ORDINARIO,CUMPLIMIENTO DE ACTUACIONES DISPUESTA POR LEY,Previsional,4,4to Juzgado de Trabajo
